Date,Day,Week Period,Category,Description,Amount,Year,Month,Month Name,Quarter,Week Number,Day of Week,Week Start,Week End,Category_Clean,Category Group,Running Total
2024-12-30,MON,30 DECEMBER - 5 JANUARY 2025,ELECTRICITY,,1500.0,2024,12,December,4,1,1,30 DECEMBER,5 JANUARY 2025,ELECTRICITY,Utilities,1500.0
2024-12-30,MON,30 DECEMBER - 5 JANUARY 2025,FUEL/TOLL,,1125.31,2024,12,December,4,1,1,30 DECEMBER,5 JANUARY 2025,FUEL/TOLL,Transportation,1125.31
2024-12-30,MON,30 DECEMBER - 5 JANUARY 2025,MAKRO,,679.8,2024,12,December,4,1,1,30 DECEMBER,5 JANUARY 2025,MAKRO,Supplies,679.8
2024-12-30,MON,30 DECEMBER - 5 JANUARY 2025,OTHER,AE BARB,194.96,2024,12,December,4,1,1,30 DECEMBER,5 JANUARY 2025,OTHER,Other Expenses,194.96
2024-12-30,MON,30 DECEMBER - 5 JANUARY 2025,SHOPRITE,,439.88,2024,12,December,4,1,1,30 DECEMBER,5 JANUARY 2025,SHOPRITE,Supplies,439.88
2024-12-30,MON,30 DECEMBER - 5 JANUARY 2025,T/BANTU SWEETS,,178.0,2024,12,December,4,1,1,30 DECEMBER,5 JANUARY 2025,T/BANTU SWEETS,Raw Materials,178.0
2024-12-30,MON,30 DECEMBER - 5 JANUARY 2025,TOTALS,,11121.579999999998,2024,12,December,4,1,1,30 DECEMBER,5 JANUARY 2025,TOTALS,Other Expenses,11121.579999999998
2024-12-30,MON,30 DECEMBER - 5 JANUARY 2025,WASI,,6995.64,2024,12,December,4,1,1,30 DECEMBER,5 JANUARY 2025,WASI,Raw Materials,6995.64
2024-12-31,TUES,30 DECEMBER - 5 JANUARY 2025,BAKERSBIN,,3176.0,2024,12,December,4,1,2,30 DECEMBER,5 JANUARY 2025,BAKERSBIN,Raw Materials,3176.0
2024-12-31,TUES,30 DECEMBER - 5 JANUARY 2025,FUEL/TOLL,,1902.67,2024,12,December,4,1,2,30 DECEMBER,5 JANUARY 2025,FUEL/TOLL,Transportation,3027.98
2024-12-31,TUES,30 DECEMBER - 5 JANUARY 2025,OTHER,BACK 2 BASICS,252.0,2024,12,December,4,1,2,30 DECEMBER,5 JANUARY 2025,OTHER,Other Expenses,446.96000000000004
2024-12-31,TUES,30 DECEMBER - 5 JANUARY 2025,SHOPRITE,,286.9,2024,12,December,4,1,2,30 DECEMBER,5 JANUARY 2025,SHOPRITE,Supplies,726.78
2024-12-31,TUES,30 DECEMBER - 5 JANUARY 2025,T/BANTU SWEETS,,90.0,2024,12,December,4,1,2,30 DECEMBER,5 JANUARY 2025,T/BANTU SWEETS,Raw Materials,268.0
2024-12-31,TUES,30 DECEMBER - 5 JANUARY 2025,TOTALS,,19033.53,2024,12,December,4,1,2,30 DECEMBER,5 JANUARY 2025,TOTALS,Other Expenses,30155.109999999997
2024-12-31,TUES,30 DECEMBER - 5 JANUARY 2025,WASI,,5765.73,2024,12,December,4,1,2,30 DECEMBER,5 JANUARY 2025,WASI,Raw Materials,12761.369999999999
2025-01-01,WED,30 DECEMBER - 5 JANUARY 2025,FUEL/TOLL,,1100.0,2025,1,January,1,1,3,30 DECEMBER,5 JANUARY 2025,FUEL/TOLL,Transportation,4127.98
2025-01-01,WED,30 DECEMBER - 5 JANUARY 2025,TOTALS,,1100.0,2025,1,January,1,1,3,30 DECEMBER,5 JANUARY 2025,TOTALS,Other Expenses,31255.109999999997
2025-01-02,THU,30 DECEMBER - 5 JANUARY 2025,FUEL/TOLL,,300.0,2025,1,January,1,1,4,30 DECEMBER,5 JANUARY 2025,FUEL/TOLL,Transportation,4427.98
2025-01-02,THU,30 DECEMBER - 5 JANUARY 2025,OTHER,PNP,131.98,2025,1,January,1,1,4,30 DECEMBER,5 JANUARY 2025,OTHER,Other Expenses,578.94
2025-01-02,THU,30 DECEMBER - 5 JANUARY 2025,TOTALS,,14166.73,2025,1,January,1,1,4,30 DECEMBER,5 JANUARY 2025,TOTALS,Other Expenses,45421.84
2025-01-02,THU,30 DECEMBER - 5 JANUARY 2025,WASI,,6147.5,2025,1,January,1,1,4,30 DECEMBER,5 JANUARY 2025,WASI,Raw Materials,18908.87
2025-01-03,FRI,30 DECEMBER - 5 JANUARY 2025,FUEL/TOLL,,704.64,2025,1,January,1,1,5,30 DECEMBER,5 JANUARY 2025,FUEL/TOLL,Transportation,5132.62
2025-01-03,FRI,30 DECEMBER - 5 JANUARY 2025,SHOPRITE,,469.89,2025,1,January,1,1,5,30 DECEMBER,5 JANUARY 2025,SHOPRITE,Supplies,1196.67
2025-01-03,FRI,30 DECEMBER - 5 JANUARY 2025,TOTALS,,1174.53,2025,1,January,1,1,5,30 DECEMBER,5 JANUARY 2025,TOTALS,Other Expenses,46596.369999999995
2025-01-04,SAT,30 DECEMBER - 5 JANUARY 2025,ELECTRICITY,,1500.0,2025,1,January,1,1,6,30 DECEMBER,5 JANUARY 2025,ELECTRICITY,Utilities,3000.0
2025-01-04,SAT,30 DECEMBER - 5 JANUARY 2025,FUEL/TOLL,,750.0,2025,1,January,1,1,6,30 DECEMBER,5 JANUARY 2025,FUEL/TOLL,Transportation,5882.62
2025-01-04,SAT,30 DECEMBER - 5 JANUARY 2025,SHOPRITE,,209.93,2025,1,January,1,1,6,30 DECEMBER,5 JANUARY 2025,SHOPRITE,Supplies,1406.6
2025-01-04,SAT,30 DECEMBER - 5 JANUARY 2025,TOTALS,,26186.48,2025,1,January,1,1,6,30 DECEMBER,5 JANUARY 2025,TOTALS,Other Expenses,72782.84999999999
2025-01-04,SAT,30 DECEMBER - 5 JANUARY 2025,WAGES,,18010.0,2025,1,January,1,1,6,30 DECEMBER,5 JANUARY 2025,WAGES,Labor,18010.0
2025-01-04,SAT,30 DECEMBER - 5 JANUARY 2025,WASI,,5716.55,2025,1,January,1,1,6,30 DECEMBER,5 JANUARY 2025,WASI,Raw Materials,24625.42
2025-01-05,SUN,30 DECEMBER - 5 JANUARY 2025,OTHER,PNP,178.98,2025,1,January,1,1,7,30 DECEMBER,5 JANUARY 2025,OTHER,Other Expenses,757.92
2025-01-05,SUN,30 DECEMBER - 5 JANUARY 2025,TOTALS,,408.15,2025,1,January,1,1,7,30 DECEMBER,5 JANUARY 2025,TOTALS,Other Expenses,73191.0
2025-01-06,MON,30 DECEMBER - 5 JANUARY 2025,CAVALIERI,,575.0,2025,1,January,1,2,1,30 DECEMBER,5 JANUARY 2025,CAVALIERI,Other Expenses,575.0
2025-01-06,MON,30 DECEMBER - 5 JANUARY 2025,FUEL/TOLL,,575.18,2025,1,January,1,2,1,30 DECEMBER,5 JANUARY 2025,FUEL/TOLL,Transportation,6457.8
2025-01-06,MON,30 DECEMBER - 5 JANUARY 2025,HYPER SWEETS,,2472.0,2025,1,January,1,2,1,30 DECEMBER,5 JANUARY 2025,HYPER SWEETS,Raw Materials,2472.0
2025-01-06,MON,30 DECEMBER - 5 JANUARY 2025,MAKRO,,1733.8,2025,1,January,1,2,1,30 DECEMBER,5 JANUARY 2025,MAKRO,Supplies,2413.6
2025-01-06,MON,30 DECEMBER - 5 JANUARY 2025,OTHER,SHOP 2 SHOP,289.0,2025,1,January,1,2,1,30 DECEMBER,5 JANUARY 2025,OTHER,Other Expenses,1046.92
2025-01-06,MON,30 DECEMBER - 5 JANUARY 2025,SHOPRITE,,299.9,2025,1,January,1,2,1,30 DECEMBER,5 JANUARY 2025,SHOPRITE,Supplies,1706.5
2025-01-06,MON,30 DECEMBER - 5 JANUARY 2025,TOTALS,,25261.43,2025,1,January,1,2,1,30 DECEMBER,5 JANUARY 2025,TOTALS,Other Expenses,98452.43
2025-01-06,MON,30 DECEMBER - 5 JANUARY 2025,WAGES,,12725.0,2025,1,January,1,2,1,30 DECEMBER,5 JANUARY 2025,WAGES,Labor,30735.0
2025-01-06,MON,30 DECEMBER - 5 JANUARY 2025,WASI,,6021.55,2025,1,January,1,2,1,30 DECEMBER,5 JANUARY 2025,WASI,Raw Materials,30646.97
2025-01-07,TUES,30 DECEMBER - 5 JANUARY 2025,CHIPKINS,,28014.0,2025,1,January,1,2,2,30 DECEMBER,5 JANUARY 2025,CHIPKINS,Raw Materials,28014.0
2025-01-07,TUES,30 DECEMBER - 5 JANUARY 2025,FUEL/TOLL,,2862.52,2025,1,January,1,2,2,30 DECEMBER,5 JANUARY 2025,FUEL/TOLL,Transportation,9320.32
2025-01-07,TUES,30 DECEMBER - 5 JANUARY 2025,OTHER,ae barb cs,258.35,2025,1,January,1,2,2,30 DECEMBER,5 JANUARY 2025,OTHER,Other Expenses,1305.27
2025-01-07,TUES,30 DECEMBER - 5 JANUARY 2025,TOTALS,,44910.399999999994,2025,1,January,1,2,2,30 DECEMBER,5 JANUARY 2025,TOTALS,Other Expenses,143362.83
2025-01-07,TUES,30 DECEMBER - 5 JANUARY 2025,WASI,,7522.57,2025,1,January,1,2,2,30 DECEMBER,5 JANUARY 2025,WASI,Raw Materials,38169.54
2025-01-08,WED,30 DECEMBER - 5 JANUARY 2025,FUEL/TOLL,,800.0,2025,1,January,1,2,3,30 DECEMBER,5 JANUARY 2025,FUEL/TOLL,Transportation,10120.32
2025-01-08,WED,30 DECEMBER - 5 JANUARY 2025,TOTALS,,800.0,2025,1,January,1,2,3,30 DECEMBER,5 JANUARY 2025,TOTALS,Other Expenses,144162.83
2025-01-09,THU,30 DECEMBER - 5 JANUARY 2025,FUEL/TOLL,,1157.22,2025,1,January,1,2,4,30 DECEMBER,5 JANUARY 2025,FUEL/TOLL,Transportation,11277.539999999999
2025-01-09,THU,30 DECEMBER - 5 JANUARY 2025,OTHER,HOME & PARTY STORE,25.0,2025,1,January,1,2,4,30 DECEMBER,5 JANUARY 2025,OTHER,Other Expenses,1330.27
2025-01-09,THU,30 DECEMBER - 5 JANUARY 2025,SHOPRITE,,299.9,2025,1,January,1,2,4,30 DECEMBER,5 JANUARY 2025,SHOPRITE,Supplies,2006.3999999999999
2025-01-09,THU,30 DECEMBER - 5 JANUARY 2025,TOTALS,,20124.8,2025,1,January,1,2,4,30 DECEMBER,5 JANUARY 2025,TOTALS,Other Expenses,164287.62999999998
2025-01-09,THU,30 DECEMBER - 5 JANUARY 2025,WASI,,6691.45,2025,1,January,1,2,4,30 DECEMBER,5 JANUARY 2025,WASI,Raw Materials,44860.99
2025-01-10,FRI,30 DECEMBER - 5 JANUARY 2025,FUEL/TOLL,,804.72,2025,1,January,1,2,5,30 DECEMBER,5 JANUARY 2025,FUEL/TOLL,Transportation,12082.26
2025-01-10,FRI,30 DECEMBER - 5 JANUARY 2025,TOTALS,,804.72,2025,1,January,1,2,5,30 DECEMBER,5 JANUARY 2025,TOTALS,Other Expenses,165092.34999999998
2025-01-11,SAT,30 DECEMBER - 5 JANUARY 2025,FUEL/TOLL,,728.14,2025,1,January,1,2,6,30 DECEMBER,5 JANUARY 2025,FUEL/TOLL,Transportation,12810.4
2025-01-11,SAT,30 DECEMBER - 5 JANUARY 2025,OTHER,DUNLOP,2650.0,2025,1,January,1,2,6,30 DECEMBER,5 JANUARY 2025,OTHER,Other Expenses,3980.27
2025-01-11,SAT,30 DECEMBER - 5 JANUARY 2025,TOTALS,,10078.14,2025,1,January,1,2,6,30 DECEMBER,5 JANUARY 2025,TOTALS,Other Expenses,175170.49
2025-01-11,SAT,30 DECEMBER - 5 JANUARY 2025,WAGES,,6700.0,2025,1,January,1,2,6,30 DECEMBER,5 JANUARY 2025,WAGES,Labor,37435.0
2025-01-12,SUN,30 DECEMBER - 5 JANUARY 2025,ELECTRICITY,,1500.0,2025,1,January,1,2,7,30 DECEMBER,5 JANUARY 2025,ELECTRICITY,Utilities,4500.0
2025-01-12,SUN,30 DECEMBER - 5 JANUARY 2025,OTHER,AE BARB,133.0,2025,1,January,1,2,7,30 DECEMBER,5 JANUARY 2025,OTHER,Other Expenses,4113.27
2025-01-12,SUN,30 DECEMBER - 5 JANUARY 2025,SHOPRITE,,494.83,2025,1,January,1,2,7,30 DECEMBER,5 JANUARY 2025,SHOPRITE,Supplies,2501.23
2025-01-12,SUN,30 DECEMBER - 5 JANUARY 2025,TOTALS,,7158.41,2025,1,January,1,2,7,30 DECEMBER,5 JANUARY 2025,TOTALS,Other Expenses,182328.9
2025-01-12,SUN,30 DECEMBER - 5 JANUARY 2025,WASI,,5030.58,2025,1,January,1,2,7,30 DECEMBER,5 JANUARY 2025,WASI,Raw Materials,49891.57
2025-01-13,MON,30 DECEMBER - 5 JANUARY 2025,FUEL/TOLL,,300.0,2025,1,January,1,3,1,30 DECEMBER,5 JANUARY 2025,FUEL/TOLL,Transportation,13110.4
2025-01-13,MON,30 DECEMBER - 5 JANUARY 2025,HYPER SWEETS,,672.0,2025,1,January,1,3,1,30 DECEMBER,5 JANUARY 2025,HYPER SWEETS,Raw Materials,3144.0
2025-01-13,MON,30 DECEMBER - 5 JANUARY 2025,OTHER,SOAP CENTRE,870.0,2025,1,January,1,3,1,30 DECEMBER,5 JANUARY 2025,OTHER,Other Expenses,4983.27
2025-01-13,MON,30 DECEMBER - 5 JANUARY 2025,SHOPRITE,,314.91,2025,1,January,1,3,1,30 DECEMBER,5 JANUARY 2025,SHOPRITE,Supplies,2816.14
2025-01-13,MON,30 DECEMBER - 5 JANUARY 2025,TOTALS,,8650.470000000001,2025,1,January,1,3,1,30 DECEMBER,5 JANUARY 2025,TOTALS,Other Expenses,190979.37
2025-01-13,MON,30 DECEMBER - 5 JANUARY 2025,WASI,,6493.56,2025,1,January,1,3,1,30 DECEMBER,5 JANUARY 2025,WASI,Raw Materials,56385.13
2025-01-14,TUES,30 DECEMBER - 5 JANUARY 2025,FUEL/TOLL,,1233.96,2025,1,January,1,3,2,30 DECEMBER,5 JANUARY 2025,FUEL/TOLL,Transportation,14344.36
2025-01-14,TUES,30 DECEMBER - 5 JANUARY 2025,OTHER,AFROLO,137.0,2025,1,January,1,3,2,30 DECEMBER,5 JANUARY 2025,OTHER,Other Expenses,5120.27
2025-01-14,TUES,30 DECEMBER - 5 JANUARY 2025,SHOPRITE,,244.93,2025,1,January,1,3,2,30 DECEMBER,5 JANUARY 2025,SHOPRITE,Supplies,3061.0699999999997
2025-01-14,TUES,30 DECEMBER - 5 JANUARY 2025,TOTALS,,27762.42,2025,1,January,1,3,2,30 DECEMBER,5 JANUARY 2025,TOTALS,Other Expenses,218741.78999999998
2025-01-14,TUES,30 DECEMBER - 5 JANUARY 2025,WAGES,,11325.0,2025,1,January,1,3,2,30 DECEMBER,5 JANUARY 2025,WAGES,Labor,48760.0
2025-01-14,TUES,30 DECEMBER - 5 JANUARY 2025,WASI,,6880.59,2025,1,January,1,3,2,30 DECEMBER,5 JANUARY 2025,WASI,Raw Materials,63265.72
2025-01-15,WED,30 DECEMBER - 5 JANUARY 2025,FUEL/TOLL,,850.16,2025,1,January,1,3,3,30 DECEMBER,5 JANUARY 2025,FUEL/TOLL,Transportation,15194.52
2025-01-15,WED,30 DECEMBER - 5 JANUARY 2025,TOTALS,,850.16,2025,1,January,1,3,3,30 DECEMBER,5 JANUARY 2025,TOTALS,Other Expenses,219591.94999999998
2025-01-16,THU,30 DECEMBER - 5 JANUARY 2025,OTHER,family store,88.0,2025,1,January,1,3,4,30 DECEMBER,5 JANUARY 2025,OTHER,Other Expenses,5208.27
2025-01-16,THU,30 DECEMBER - 5 JANUARY 2025,SHOPRITE,,314.91,2025,1,January,1,3,4,30 DECEMBER,5 JANUARY 2025,SHOPRITE,Supplies,3375.98
2025-01-16,THU,30 DECEMBER - 5 JANUARY 2025,TOTALS,,8910.49,2025,1,January,1,3,4,30 DECEMBER,5 JANUARY 2025,TOTALS,Other Expenses,228502.43999999997
2025-01-16,THU,30 DECEMBER - 5 JANUARY 2025,WASI,,5978.5,2025,1,January,1,3,4,30 DECEMBER,5 JANUARY 2025,WASI,Raw Materials,69244.22
2025-01-17,FRI,30 DECEMBER - 5 JANUARY 2025,FUEL/TOLL,,800.0,2025,1,January,1,3,5,30 DECEMBER,5 JANUARY 2025,FUEL/TOLL,Transportation,15994.52
2025-01-17,FRI,30 DECEMBER - 5 JANUARY 2025,TOTALS,,800.0,2025,1,January,1,3,5,30 DECEMBER,5 JANUARY 2025,TOTALS,Other Expenses,229302.43999999997
2025-01-18,SAT,30 DECEMBER - 5 JANUARY 2025,ELECTRICITY,,1500.0,2025,1,January,1,3,6,30 DECEMBER,5 JANUARY 2025,ELECTRICITY,Utilities,6000.0
2025-01-18,SAT,30 DECEMBER - 5 JANUARY 2025,OTHER,POINT S,520.0,2025,1,January,1,3,6,30 DECEMBER,5 JANUARY 2025,OTHER,Other Expenses,5728.27
2025-01-18,SAT,30 DECEMBER - 5 JANUARY 2025,SHOPRITE,,349.9,2025,1,January,1,3,6,30 DECEMBER,5 JANUARY 2025,SHOPRITE,Supplies,3725.88
2025-01-18,SAT,30 DECEMBER - 5 JANUARY 2025,T/BANTU SWEETS,,25.9,2025,1,January,1,3,6,30 DECEMBER,5 JANUARY 2025,T/BANTU SWEETS,Raw Materials,293.9
2025-01-18,SAT,30 DECEMBER - 5 JANUARY 2025,TOTALS,,8858.38,2025,1,January,1,3,6,30 DECEMBER,5 JANUARY 2025,TOTALS,Other Expenses,238160.81999999998
2025-01-18,SAT,30 DECEMBER - 5 JANUARY 2025,WASI,,6462.58,2025,1,January,1,3,6,30 DECEMBER,5 JANUARY 2025,WASI,Raw Materials,75706.8
2025-01-20,MON,30 DECEMBER - 5 JANUARY 2025,FUEL/TOLL,,1501.06,2025,1,January,1,4,1,30 DECEMBER,5 JANUARY 2025,FUEL/TOLL,Transportation,17495.579999999998
2025-01-20,MON,30 DECEMBER - 5 JANUARY 2025,OTHER,SOAP CENTRE,826.0,2025,1,January,1,4,1,30 DECEMBER,5 JANUARY 2025,OTHER,Other Expenses,6554.27
2025-01-20,MON,30 DECEMBER - 5 JANUARY 2025,SHOPRITE,,139.96,2025,1,January,1,4,1,30 DECEMBER,5 JANUARY 2025,SHOPRITE,Supplies,3865.84
2025-01-20,MON,30 DECEMBER - 5 JANUARY 2025,T/BANTU SWEETS,,180.0,2025,1,January,1,4,1,30 DECEMBER,5 JANUARY 2025,T/BANTU SWEETS,Raw Materials,473.9
2025-01-20,MON,30 DECEMBER - 5 JANUARY 2025,TOTALS,,14014.66,2025,1,January,1,4,1,30 DECEMBER,5 JANUARY 2025,TOTALS,Other Expenses,252175.47999999998
2025-01-20,MON,30 DECEMBER - 5 JANUARY 2025,WAGES,,6700.0,2025,1,January,1,4,1,30 DECEMBER,5 JANUARY 2025,WAGES,Labor,55460.0
2025-01-20,MON,30 DECEMBER - 5 JANUARY 2025,WASI,,4667.64,2025,1,January,1,4,1,30 DECEMBER,5 JANUARY 2025,WASI,Raw Materials,80374.44
2025-01-21,TUES,30 DECEMBER - 5 JANUARY 2025,CHIPKINS,,24276.5,2025,1,January,1,4,2,30 DECEMBER,5 JANUARY 2025,CHIPKINS,Raw Materials,52290.5
2025-01-21,TUES,30 DECEMBER - 5 JANUARY 2025,FUEL/TOLL,,1277.53,2025,1,January,1,4,2,30 DECEMBER,5 JANUARY 2025,FUEL/TOLL,Transportation,18773.11
2025-01-21,TUES,30 DECEMBER - 5 JANUARY 2025,TOTALS,,29551.71,2025,1,January,1,4,2,30 DECEMBER,5 JANUARY 2025,TOTALS,Other Expenses,281727.19
2025-01-21,TUES,30 DECEMBER - 5 JANUARY 2025,WASI,,3997.68,2025,1,January,1,4,2,30 DECEMBER,5 JANUARY 2025,WASI,Raw Materials,84372.12
2025-01-22,WED,30 DECEMBER - 5 JANUARY 2025,FUEL/TOLL,,800.0,2025,1,January,1,4,3,30 DECEMBER,5 JANUARY 2025,FUEL/TOLL,Transportation,19573.11
2025-01-22,WED,30 DECEMBER - 5 JANUARY 2025,MAKRO,,1153.3,2025,1,January,1,4,3,30 DECEMBER,5 JANUARY 2025,MAKRO,Supplies,3566.8999999999996
2025-01-22,WED,30 DECEMBER - 5 JANUARY 2025,OTHER,LOWVELD PACKAGING,476.75,2025,1,January,1,4,3,30 DECEMBER,5 JANUARY 2025,OTHER,Other Expenses,7031.02
2025-01-22,WED,30 DECEMBER - 5 JANUARY 2025,TOTALS,,2430.05,2025,1,January,1,4,3,30 DECEMBER,5 JANUARY 2025,TOTALS,Other Expenses,284157.24
2025-01-23,THU,30 DECEMBER - 5 JANUARY 2025,FUEL/TOLL,,800.0,2025,1,January,1,4,4,30 DECEMBER,5 JANUARY 2025,FUEL/TOLL,Transportation,20373.11
2025-01-23,THU,30 DECEMBER - 5 JANUARY 2025,OTHER,PNP,94.99,2025,1,January,1,4,4,30 DECEMBER,5 JANUARY 2025,OTHER,Other Expenses,7126.01
2025-01-23,THU,30 DECEMBER - 5 JANUARY 2025,SHOPRITE,,349.9,2025,1,January,1,4,4,30 DECEMBER,5 JANUARY 2025,SHOPRITE,Supplies,4215.74
2025-01-23,THU,30 DECEMBER - 5 JANUARY 2025,SPICE AND PACK,,9739.66,2025,1,January,1,4,4,30 DECEMBER,5 JANUARY 2025,SPICE AND PACK,Other Expenses,9739.66
2025-01-23,THU,30 DECEMBER - 5 JANUARY 2025,T/BANTU SWEETS,,180.0,2025,1,January,1,4,4,30 DECEMBER,5 JANUARY 2025,T/BANTU SWEETS,Raw Materials,653.9
2025-01-23,THU,30 DECEMBER - 5 JANUARY 2025,TOTALS,,27410.050000000003,2025,1,January,1,4,4,30 DECEMBER,5 JANUARY 2025,TOTALS,Other Expenses,311567.29
2025-01-23,THU,30 DECEMBER - 5 JANUARY 2025,WAGES,,9970.0,2025,1,January,1,4,4,30 DECEMBER,5 JANUARY 2025,WAGES,Labor,65430.0
2025-01-23,THU,30 DECEMBER - 5 JANUARY 2025,WASI,,6275.5,2025,1,January,1,4,4,30 DECEMBER,5 JANUARY 2025,WASI,Raw Materials,90647.62
2025-01-24,FRI,30 DECEMBER - 5 JANUARY 2025,FUEL/TOLL,,1887.95,2025,1,January,1,4,5,30 DECEMBER,5 JANUARY 2025,FUEL/TOLL,Transportation,22261.059999999998
2025-01-24,FRI,30 DECEMBER - 5 JANUARY 2025,OTHER,LOWVELD PACK,163.8,2025,1,January,1,4,5,30 DECEMBER,5 JANUARY 2025,OTHER,Other Expenses,7289.81
2025-01-24,FRI,30 DECEMBER - 5 JANUARY 2025,TOTALS,,8141.75,2025,1,January,1,4,5,30 DECEMBER,5 JANUARY 2025,TOTALS,Other Expenses,319709.04
2025-01-24,FRI,30 DECEMBER - 5 JANUARY 2025,WAGES,,6090.0,2025,1,January,1,4,5,30 DECEMBER,5 JANUARY 2025,WAGES,Labor,71520.0
2025-01-25,SAT,30 DECEMBER - 5 JANUARY 2025,OTHER,TOTAL SHELL,83.4,2025,1,January,1,4,6,30 DECEMBER,5 JANUARY 2025,OTHER,Other Expenses,7373.21
2025-01-25,SAT,30 DECEMBER - 5 JANUARY 2025,TOTALS,,2638.8,2025,1,January,1,4,6,30 DECEMBER,5 JANUARY 2025,TOTALS,Other Expenses,322347.83999999997
2025-01-26,SUN,30 DECEMBER - 5 JANUARY 2025,OTHER,AE BARB,98.0,2025,1,January,1,4,7,30 DECEMBER,5 JANUARY 2025,OTHER,Other Expenses,7471.21
2025-01-26,SUN,30 DECEMBER - 5 JANUARY 2025,TOTALS,,6221.48,2025,1,January,1,4,7,30 DECEMBER,5 JANUARY 2025,TOTALS,Other Expenses,328569.32
2025-01-26,SUN,30 DECEMBER - 5 JANUARY 2025,WASI,,6123.48,2025,1,January,1,4,7,30 DECEMBER,5 JANUARY 2025,WASI,Raw Materials,96771.1
2025-01-27,MON,30 DECEMBER - 5 JANUARY 2025,FUEL/TOLL,,800.0,2025,1,January,1,5,1,30 DECEMBER,5 JANUARY 2025,FUEL/TOLL,Transportation,23061.059999999998
2025-01-27,MON,30 DECEMBER - 5 JANUARY 2025,OTHER,BACK 2 BASICS,60.0,2025,1,January,1,5,1,30 DECEMBER,5 JANUARY 2025,OTHER,Other Expenses,7531.21
2025-01-27,MON,30 DECEMBER - 5 JANUARY 2025,TOTALS,,6563.58,2025,1,January,1,5,1,30 DECEMBER,5 JANUARY 2025,TOTALS,Other Expenses,335132.89999999997
2025-01-27,MON,30 DECEMBER - 5 JANUARY 2025,WASI,,5463.58,2025,1,January,1,5,1,30 DECEMBER,5 JANUARY 2025,WASI,Raw Materials,102234.68
2025-01-28,TUES,30 DECEMBER - 5 JANUARY 2025,CHIPKINS,,12186.33,2025,1,January,1,5,2,30 DECEMBER,5 JANUARY 2025,CHIPKINS,Raw Materials,64476.83
2025-01-28,TUES,30 DECEMBER - 5 JANUARY 2025,ELECTRICITY,,1500.0,2025,1,January,1,5,2,30 DECEMBER,5 JANUARY 2025,ELECTRICITY,Utilities,7500.0
2025-01-28,TUES,30 DECEMBER - 5 JANUARY 2025,FUEL/TOLL,,1003.04,2025,1,January,1,5,2,30 DECEMBER,5 JANUARY 2025,FUEL/TOLL,Transportation,24064.1
2025-01-28,TUES,30 DECEMBER - 5 JANUARY 2025,OTHER,AE BARB CS,60.0,2025,1,January,1,5,2,30 DECEMBER,5 JANUARY 2025,OTHER,Other Expenses,7591.21
2025-01-28,TUES,30 DECEMBER - 5 JANUARY 2025,SHOPRITE,,244.93,2025,1,January,1,5,2,30 DECEMBER,5 JANUARY 2025,SHOPRITE,Supplies,4460.67
2025-01-28,TUES,30 DECEMBER - 5 JANUARY 2025,TOTALS,,21553.8,2025,1,January,1,5,2,30 DECEMBER,5 JANUARY 2025,TOTALS,Other Expenses,356686.7
2025-01-28,TUES,30 DECEMBER - 5 JANUARY 2025,WASI,,5792.51,2025,1,January,1,5,2,30 DECEMBER,5 JANUARY 2025,WASI,Raw Materials,108027.19
2025-01-29,WED,30 DECEMBER - 5 JANUARY 2025,FUEL/TOLL,,800.16,2025,1,January,1,5,3,30 DECEMBER,5 JANUARY 2025,FUEL/TOLL,Transportation,24864.26
2025-01-29,WED,30 DECEMBER - 5 JANUARY 2025,TOTALS,,800.16,2025,1,January,1,5,3,30 DECEMBER,5 JANUARY 2025,TOTALS,Other Expenses,357486.86
2025-01-30,THU,30 DECEMBER - 5 JANUARY 2025,FUEL/TOLL,,800.0,2025,1,January,1,5,4,30 DECEMBER,5 JANUARY 2025,FUEL/TOLL,Transportation,25664.26
2025-01-30,THU,30 DECEMBER - 5 JANUARY 2025,OTHER,OBARO,204.0,2025,1,January,1,5,4,30 DECEMBER,5 JANUARY 2025,OTHER,Other Expenses,7795.21
2025-01-30,THU,30 DECEMBER - 5 JANUARY 2025,SHOPRITE,,244.93,2025,1,January,1,5,4,30 DECEMBER,5 JANUARY 2025,SHOPRITE,Supplies,4705.6
2025-01-30,THU,30 DECEMBER - 5 JANUARY 2025,SPICE AND PACK,,7157.54,2025,1,January,1,5,4,30 DECEMBER,5 JANUARY 2025,SPICE AND PACK,Other Expenses,16897.2
2025-01-30,THU,30 DECEMBER - 5 JANUARY 2025,TOTALS,,15263.900000000001,2025,1,January,1,5,4,30 DECEMBER,5 JANUARY 2025,TOTALS,Other Expenses,372750.76
2025-01-30,THU,30 DECEMBER - 5 JANUARY 2025,WASI,,6857.43,2025,1,January,1,5,4,30 DECEMBER,5 JANUARY 2025,WASI,Raw Materials,114884.62
2025-01-31,FRI,30 DECEMBER - 5 JANUARY 2025,ELECTRICITY,,1500.0,2025,1,January,1,5,5,30 DECEMBER,5 JANUARY 2025,ELECTRICITY,Utilities,9000.0
2025-01-31,FRI,30 DECEMBER - 5 JANUARY 2025,FUEL/TOLL,,743.79,2025,1,January,1,5,5,30 DECEMBER,5 JANUARY 2025,FUEL/TOLL,Transportation,26408.05
2025-01-31,FRI,30 DECEMBER - 5 JANUARY 2025,OTHER,AIRTIME,30.0,2025,1,January,1,5,5,30 DECEMBER,5 JANUARY 2025,OTHER,Other Expenses,7825.21
2025-01-31,FRI,30 DECEMBER - 5 JANUARY 2025,TOTALS,,8525.79,2025,1,January,1,5,5,30 DECEMBER,5 JANUARY 2025,TOTALS,Other Expenses,381276.55
2025-02-01,SAT,30 DECEMBER - 5 JANUARY 2025,FUEL/TOLL,,800.16,2025,2,February,1,5,6,30 DECEMBER,5 JANUARY 2025,FUEL/TOLL,Transportation,27208.21
2025-02-01,SAT,30 DECEMBER - 5 JANUARY 2025,OTHER,PNP,242.34,2025,2,February,1,5,6,30 DECEMBER,5 JANUARY 2025,OTHER,Other Expenses,8067.55
2025-02-01,SAT,30 DECEMBER - 5 JANUARY 2025,TOTALS,,14175.16,2025,2,February,1,5,6,30 DECEMBER,5 JANUARY 2025,TOTALS,Other Expenses,395451.70999999996
2025-02-01,SAT,30 DECEMBER - 5 JANUARY 2025,WAGES,,6900.0,2025,2,February,1,5,6,30 DECEMBER,5 JANUARY 2025,WAGES,Labor,78420.0
2025-02-01,SAT,30 DECEMBER - 5 JANUARY 2025,WASI,,6232.66,2025,2,February,1,5,6,30 DECEMBER,5 JANUARY 2025,WASI,Raw Materials,121117.28
2025-02-03,MON,30 DECEMBER - 5 JANUARY 2025,FUEL/TOLL,,800.0,2025,2,February,1,6,1,30 DECEMBER,5 JANUARY 2025,FUEL/TOLL,Transportation,28008.21
2025-02-03,MON,30 DECEMBER - 5 JANUARY 2025,OTHER,OIL,90.0,2025,2,February,1,6,1,30 DECEMBER,5 JANUARY 2025,OTHER,Other Expenses,8157.55
2025-02-03,MON,30 DECEMBER - 5 JANUARY 2025,TOTALS,,10025.849999999999,2025,2,February,1,6,1,30 DECEMBER,5 JANUARY 2025,TOTALS,Other Expenses,405477.56
2025-02-03,MON,30 DECEMBER - 5 JANUARY 2025,WASI,,6436.48,2025,2,February,1,6,1,30 DECEMBER,5 JANUARY 2025,WASI,Raw Materials,127553.76
2025-02-04,TUES,30 DECEMBER - 5 JANUARY 2025,FUEL/TOLL,,958.0,2025,2,February,1,6,2,30 DECEMBER,5 JANUARY 2025,FUEL/TOLL,Transportation,28966.21
2025-02-04,TUES,30 DECEMBER - 5 JANUARY 2025,OTHER,xtreme motor spares,250.0,2025,2,February,1,6,2,30 DECEMBER,5 JANUARY 2025,OTHER,Other Expenses,8407.55
2025-02-04,TUES,30 DECEMBER - 5 JANUARY 2025,SHOPRITE,,349.9,2025,2,February,1,6,2,30 DECEMBER,5 JANUARY 2025,SHOPRITE,Supplies,5055.5
2025-02-04,TUES,30 DECEMBER - 5 JANUARY 2025,T/BANTU SWEETS,,184.0,2025,2,February,1,6,2,30 DECEMBER,5 JANUARY 2025,T/BANTU SWEETS,Raw Materials,837.9
2025-02-04,TUES,30 DECEMBER - 5 JANUARY 2025,TOTALS,,8633.4,2025,2,February,1,6,2,30 DECEMBER,5 JANUARY 2025,TOTALS,Other Expenses,414110.95999999996
2025-02-04,TUES,30 DECEMBER - 5 JANUARY 2025,WASI,,6891.5,2025,2,February,1,6,2,30 DECEMBER,5 JANUARY 2025,WASI,Raw Materials,134445.26
2025-02-05,WED,30 DECEMBER - 5 JANUARY 2025,CHIPKINS,,24863.0,2025,2,February,1,6,3,30 DECEMBER,5 JANUARY 2025,CHIPKINS,Raw Materials,89339.83
2025-02-05,WED,30 DECEMBER - 5 JANUARY 2025,FUEL/TOLL,,800.0,2025,2,February,1,6,3,30 DECEMBER,5 JANUARY 2025,FUEL/TOLL,Transportation,29766.21
2025-02-05,WED,30 DECEMBER - 5 JANUARY 2025,TOTALS,,25663.0,2025,2,February,1,6,3,30 DECEMBER,5 JANUARY 2025,TOTALS,Other Expenses,439773.95999999996
2025-02-06,THU,30 DECEMBER - 5 JANUARY 2025,FUEL/TOLL,,800.0,2025,2,February,1,6,4,30 DECEMBER,5 JANUARY 2025,FUEL/TOLL,Transportation,30566.21
2025-02-06,THU,30 DECEMBER - 5 JANUARY 2025,HYPER SWEETS,,1200.0,2025,2,February,1,6,4,30 DECEMBER,5 JANUARY 2025,HYPER SWEETS,Raw Materials,4344.0
2025-02-06,THU,30 DECEMBER - 5 JANUARY 2025,MAKRO,,509.8,2025,2,February,1,6,4,30 DECEMBER,5 JANUARY 2025,MAKRO,Supplies,4076.7
2025-02-06,THU,30 DECEMBER - 5 JANUARY 2025,OTHER,FAMILY STORE,439.98,2025,2,February,1,6,4,30 DECEMBER,5 JANUARY 2025,OTHER,Other Expenses,8847.53
2025-02-06,THU,30 DECEMBER - 5 JANUARY 2025,SHOPRITE,,279.92,2025,2,February,1,6,4,30 DECEMBER,5 JANUARY 2025,SHOPRITE,Supplies,5335.42
2025-02-06,THU,30 DECEMBER - 5 JANUARY 2025,SPICE AND PACK,,7157.54,2025,2,February,1,6,4,30 DECEMBER,5 JANUARY 2025,SPICE AND PACK,Other Expenses,24054.739999999998
2025-02-06,THU,30 DECEMBER - 5 JANUARY 2025,TOTALS,,17671.609999999997,2025,2,February,1,6,4,30 DECEMBER,5 JANUARY 2025,TOTALS,Other Expenses,457445.57
2025-02-06,THU,30 DECEMBER - 5 JANUARY 2025,WASI,,6696.61,2025,2,February,1,6,4,30 DECEMBER,5 JANUARY 2025,WASI,Raw Materials,141141.87
2025-02-07,FRI,30 DECEMBER - 5 JANUARY 2025,FUEL/TOLL,,800.0,2025,2,February,1,6,5,30 DECEMBER,5 JANUARY 2025,FUEL/TOLL,Transportation,31366.21
2025-02-07,FRI,30 DECEMBER - 5 JANUARY 2025,OTHER,HEIDEL EGGS,6000.0,2025,2,February,1,6,5,30 DECEMBER,5 JANUARY 2025,OTHER,Other Expenses,14847.529999999999
2025-02-07,FRI,30 DECEMBER - 5 JANUARY 2025,TOTALS,,6800.0,2025,2,February,1,6,5,30 DECEMBER,5 JANUARY 2025,TOTALS,Other Expenses,464245.57
2025-02-08,SAT,30 DECEMBER - 5 JANUARY 2025,OTHER,OBARO,872.7,2025,2,February,1,6,6,30 DECEMBER,5 JANUARY 2025,OTHER,Other Expenses,15720.23
2025-02-08,SAT,30 DECEMBER - 5 JANUARY 2025,TOTALS,,19627.7,2025,2,February,1,6,6,30 DECEMBER,5 JANUARY 2025,TOTALS,Other Expenses,483873.26999999996
2025-02-08,SAT,30 DECEMBER - 5 JANUARY 2025,WAGES,,18755.0,2025,2,February,1,6,6,30 DECEMBER,5 JANUARY 2025,WAGES,Labor,97175.0
2025-02-09,SUN,30 DECEMBER - 5 JANUARY 2025,ELECTRICITY,,1500.0,2025,2,February,1,6,7,30 DECEMBER,5 JANUARY 2025,ELECTRICITY,Utilities,10500.0
2025-02-09,SUN,30 DECEMBER - 5 JANUARY 2025,SHOPRITE,,314.91,2025,2,February,1,6,7,30 DECEMBER,5 JANUARY 2025,SHOPRITE,Supplies,5650.33
2025-02-09,SUN,30 DECEMBER - 5 JANUARY 2025,TOTALS,,8897.279999999999,2025,2,February,1,6,7,30 DECEMBER,5 JANUARY 2025,TOTALS,Other Expenses,492770.55
2025-02-09,SUN,30 DECEMBER - 5 JANUARY 2025,WASI,,7082.37,2025,2,February,1,6,7,30 DECEMBER,5 JANUARY 2025,WASI,Raw Materials,148224.24
2025-02-10,MON,30 DECEMBER - 5 JANUARY 2025,ELECTRICITY,,2402.44,2025,2,February,1,7,1,30 DECEMBER,5 JANUARY 2025,ELECTRICITY,Utilities,12902.44
2025-02-10,MON,30 DECEMBER - 5 JANUARY 2025,OTHER,FAMILY STORE,517.98,2025,2,February,1,7,1,30 DECEMBER,5 JANUARY 2025,OTHER,Other Expenses,16238.21
2025-02-10,MON,30 DECEMBER - 5 JANUARY 2025,SHOPRITE,,349.9,2025,2,February,1,7,1,30 DECEMBER,5 JANUARY 2025,SHOPRITE,Supplies,6000.23
2025-02-10,MON,30 DECEMBER - 5 JANUARY 2025,TOTALS,,10043.06,2025,2,February,1,7,1,30 DECEMBER,5 JANUARY 2025,TOTALS,Other Expenses,502813.61
2025-02-10,MON,30 DECEMBER - 5 JANUARY 2025,WASI,,5966.55,2025,2,February,1,7,1,30 DECEMBER,5 JANUARY 2025,WASI,Raw Materials,154190.79
2025-02-11,TUES,30 DECEMBER - 5 JANUARY 2025,CAVALIERI,,575.0,2025,2,February,1,7,2,30 DECEMBER,5 JANUARY 2025,CAVALIERI,Other Expenses,1150.0
2025-02-11,TUES,30 DECEMBER - 5 JANUARY 2025,FUEL/TOLL,,1898.27,2025,2,February,1,7,2,30 DECEMBER,5 JANUARY 2025,FUEL/TOLL,Transportation,33264.479999999996
2025-02-11,TUES,30 DECEMBER - 5 JANUARY 2025,MAKRO,,549.0,2025,2,February,1,7,2,30 DECEMBER,5 JANUARY 2025,MAKRO,Supplies,4625.7
2025-02-11,TUES,30 DECEMBER - 5 JANUARY 2025,OTHER,xtreme motor spares,650.0,2025,2,February,1,7,2,30 DECEMBER,5 JANUARY 2025,OTHER,Other Expenses,16888.21
2025-02-11,TUES,30 DECEMBER - 5 JANUARY 2025,SHOPRITE,,449.89,2025,2,February,1,7,2,30 DECEMBER,5 JANUARY 2025,SHOPRITE,Supplies,6450.12
2025-02-11,TUES,30 DECEMBER - 5 JANUARY 2025,T/BANTU SWEETS,,90.0,2025,2,February,1,7,2,30 DECEMBER,5 JANUARY 2025,T/BANTU SWEETS,Raw Materials,927.9
2025-02-11,TUES,30 DECEMBER - 5 JANUARY 2025,TOTALS,,12317.609999999999,2025,2,February,1,7,2,30 DECEMBER,5 JANUARY 2025,TOTALS,Other Expenses,515131.22
2025-02-11,TUES,30 DECEMBER - 5 JANUARY 2025,WASI,,8105.45,2025,2,February,1,7,2,30 DECEMBER,5 JANUARY 2025,WASI,Raw Materials,162296.24
2025-02-12,WED,30 DECEMBER - 5 JANUARY 2025,FUEL/TOLL,,800.0,2025,2,February,1,7,3,30 DECEMBER,5 JANUARY 2025,FUEL/TOLL,Transportation,34064.479999999996
2025-02-12,WED,30 DECEMBER - 5 JANUARY 2025,OTHER,MAGNITE SERVICE,2280.61,2025,2,February,1,7,3,30 DECEMBER,5 JANUARY 2025,OTHER,Other Expenses,19168.82
2025-02-12,WED,30 DECEMBER - 5 JANUARY 2025,TOTALS,,4590.610000000001,2025,2,February,1,7,3,30 DECEMBER,5 JANUARY 2025,TOTALS,Other Expenses,519721.82999999996
2025-02-13,THU,30 DECEMBER - 5 JANUARY 2025,CHIPKINS,,1840.0,2025,2,February,1,7,4,30 DECEMBER,5 JANUARY 2025,CHIPKINS,Raw Materials,91179.83
2025-02-13,THU,30 DECEMBER - 5 JANUARY 2025,FUEL/TOLL,,800.0,2025,2,February,1,7,4,30 DECEMBER,5 JANUARY 2025,FUEL/TOLL,Transportation,34864.479999999996
2025-02-13,THU,30 DECEMBER - 5 JANUARY 2025,OTHER,SPICE AND PACK,7157.54,2025,2,February,1,7,4,30 DECEMBER,5 JANUARY 2025,OTHER,Other Expenses,26326.36
2025-02-13,THU,30 DECEMBER - 5 JANUARY 2025,SHOPRITE,,756.18,2025,2,February,1,7,4,30 DECEMBER,5 JANUARY 2025,SHOPRITE,Supplies,7206.3
2025-02-13,THU,30 DECEMBER - 5 JANUARY 2025,TOTALS,,18137.31,2025,2,February,1,7,4,30 DECEMBER,5 JANUARY 2025,TOTALS,Other Expenses,537859.14
2025-02-13,THU,30 DECEMBER - 5 JANUARY 2025,WASI,,7583.59,2025,2,February,1,7,4,30 DECEMBER,5 JANUARY 2025,WASI,Raw Materials,169879.83
2025-02-14,FRI,30 DECEMBER - 5 JANUARY 2025,FUEL/TOLL,,1600.0,2025,2,February,1,7,5,30 DECEMBER,5 JANUARY 2025,FUEL/TOLL,Transportation,36464.479999999996
2025-02-14,FRI,30 DECEMBER - 5 JANUARY 2025,MAKRO,,679.8,2025,2,February,1,7,5,30 DECEMBER,5 JANUARY 2025,MAKRO,Supplies,5305.5
2025-02-14,FRI,30 DECEMBER - 5 JANUARY 2025,OTHER,MICA,70.0,2025,2,February,1,7,5,30 DECEMBER,5 JANUARY 2025,OTHER,Other Expenses,26396.36
2025-02-14,FRI,30 DECEMBER - 5 JANUARY 2025,TOTALS,,3178.19,2025,2,February,1,7,5,30 DECEMBER,5 JANUARY 2025,TOTALS,Other Expenses,541037.33
2025-02-15,SAT,30 DECEMBER - 5 JANUARY 2025,FUEL/TOLL,,800.0,2025,2,February,1,7,6,30 DECEMBER,5 JANUARY 2025,FUEL/TOLL,Transportation,37264.479999999996
2025-02-15,SAT,30 DECEMBER - 5 JANUARY 2025,TOTALS,,9539.46,2025,2,February,1,7,6,30 DECEMBER,5 JANUARY 2025,TOTALS,Other Expenses,550576.79
2025-02-15,SAT,30 DECEMBER - 5 JANUARY 2025,WASI,,8739.46,2025,2,February,1,7,6,30 DECEMBER,5 JANUARY 2025,WASI,Raw Materials,178619.29
2025-02-16,SUN,30 DECEMBER - 5 JANUARY 2025,ELECTRICITY,,1500.0,2025,2,February,1,7,7,30 DECEMBER,5 JANUARY 2025,ELECTRICITY,Utilities,14402.44
2025-02-16,SUN,30 DECEMBER - 5 JANUARY 2025,FUEL/TOLL,,1228.9,2025,2,February,1,7,7,30 DECEMBER,5 JANUARY 2025,FUEL/TOLL,Transportation,38493.38
2025-02-16,SUN,30 DECEMBER - 5 JANUARY 2025,OTHER,PNP,97.98,2025,2,February,1,7,7,30 DECEMBER,5 JANUARY 2025,OTHER,Other Expenses,26494.34
2025-02-16,SUN,30 DECEMBER - 5 JANUARY 2025,SHOPRITE,,189.94,2025,2,February,1,7,7,30 DECEMBER,5 JANUARY 2025,SHOPRITE,Supplies,7396.24
2025-02-16,SUN,30 DECEMBER - 5 JANUARY 2025,TOTALS,,3016.82,2025,2,February,1,7,7,30 DECEMBER,5 JANUARY 2025,TOTALS,Other Expenses,553593.61
2025-02-17,MON,30 DECEMBER - 5 JANUARY 2025,FUEL/TOLL,,1750.63,2025,2,February,1,8,1,30 DECEMBER,5 JANUARY 2025,FUEL/TOLL,Transportation,40244.01
2025-02-17,MON,30 DECEMBER - 5 JANUARY 2025,OTHER,RIVERSIDE EMPORIUM,256.0,2025,2,February,1,8,1,30 DECEMBER,5 JANUARY 2025,OTHER,Other Expenses,26750.34
2025-02-17,MON,30 DECEMBER - 5 JANUARY 2025,SHOPRITE,,600.99,2025,2,February,1,8,1,30 DECEMBER,5 JANUARY 2025,SHOPRITE,Supplies,7997.23
2025-02-17,MON,30 DECEMBER - 5 JANUARY 2025,T/BANTU SWEETS,,90.0,2025,2,February,1,8,1,30 DECEMBER,5 JANUARY 2025,T/BANTU SWEETS,Raw Materials,1017.9
2025-02-17,MON,30 DECEMBER - 5 JANUARY 2025,TOTALS,,11740.130000000001,2025,2,February,1,8,1,30 DECEMBER,5 JANUARY 2025,TOTALS,Other Expenses,565333.74
2025-02-17,MON,30 DECEMBER - 5 JANUARY 2025,WASI,,8418.52,2025,2,February,1,8,1,30 DECEMBER,5 JANUARY 2025,WASI,Raw Materials,187037.81
2025-02-18,TUES,30 DECEMBER - 5 JANUARY 2025,OTHER,AE BARB,205.96,2025,2,February,1,8,2,30 DECEMBER,5 JANUARY 2025,OTHER,Other Expenses,26956.3
2025-02-18,TUES,30 DECEMBER - 5 JANUARY 2025,TOTALS,,205.96,2025,2,February,1,8,2,30 DECEMBER,5 JANUARY 2025,TOTALS,Other Expenses,565539.7
2025-02-19,WED,30 DECEMBER - 5 JANUARY 2025,CHIPKINS,,26460.13,2025,2,February,1,8,3,30 DECEMBER,5 JANUARY 2025,CHIPKINS,Raw Materials,117639.96
2025-02-19,WED,30 DECEMBER - 5 JANUARY 2025,FUEL/TOLL,,700.0,2025,2,February,1,8,3,30 DECEMBER,5 JANUARY 2025,FUEL/TOLL,Transportation,40944.01
2025-02-19,WED,30 DECEMBER - 5 JANUARY 2025,OTHER,AIRTIME,29.0,2025,2,February,1,8,3,30 DECEMBER,5 JANUARY 2025,OTHER,Other Expenses,26985.3
2025-02-19,WED,30 DECEMBER - 5 JANUARY 2025,SHOPRITE,,279.92,2025,2,February,1,8,3,30 DECEMBER,5 JANUARY 2025,SHOPRITE,Supplies,8277.15
2025-02-19,WED,30 DECEMBER - 5 JANUARY 2025,TOTALS,,35040.91,2025,2,February,1,8,3,30 DECEMBER,5 JANUARY 2025,TOTALS,Other Expenses,600580.61
2025-02-19,WED,30 DECEMBER - 5 JANUARY 2025,WASI,,6807.06,2025,2,February,1,8,3,30 DECEMBER,5 JANUARY 2025,WASI,Raw Materials,193844.87
2025-02-20,THU,30 DECEMBER - 5 JANUARY 2025,ELECTRICITY,,1500.0,2025,2,February,1,8,4,30 DECEMBER,5 JANUARY 2025,ELECTRICITY,Utilities,15902.44
2025-02-20,THU,30 DECEMBER - 5 JANUARY 2025,FUEL/TOLL,,1106.3,2025,2,February,1,8,4,30 DECEMBER,5 JANUARY 2025,FUEL/TOLL,Transportation,42050.31
2025-02-20,THU,30 DECEMBER - 5 JANUARY 2025,OTHER,cash & carry,388.0,2025,2,February,1,8,4,30 DECEMBER,5 JANUARY 2025,OTHER,Other Expenses,27373.3
2025-02-20,THU,30 DECEMBER - 5 JANUARY 2025,SHOPRITE,,69.98,2025,2,February,1,8,4,30 DECEMBER,5 JANUARY 2025,SHOPRITE,Supplies,8347.13
2025-02-20,THU,30 DECEMBER - 5 JANUARY 2025,SPICE AND PACK,,5731.95,2025,2,February,1,8,4,30 DECEMBER,5 JANUARY 2025,SPICE AND PACK,Other Expenses,29786.69
2025-02-20,THU,30 DECEMBER - 5 JANUARY 2025,TOTALS,,8944.16,2025,2,February,1,8,4,30 DECEMBER,5 JANUARY 2025,TOTALS,Other Expenses,609524.77
2025-02-21,FRI,30 DECEMBER - 5 JANUARY 2025,FUEL/TOLL,,800.0,2025,2,February,1,8,5,30 DECEMBER,5 JANUARY 2025,FUEL/TOLL,Transportation,42850.31
2025-02-21,FRI,30 DECEMBER - 5 JANUARY 2025,OTHER,,184.99,2025,2,February,1,8,5,30 DECEMBER,5 JANUARY 2025,OTHER,Other Expenses,27558.29
2025-02-21,FRI,30 DECEMBER - 5 JANUARY 2025,TOTALS,,7884.99,2025,2,February,1,8,5,30 DECEMBER,5 JANUARY 2025,TOTALS,Other Expenses,617409.76
2025-02-21,FRI,30 DECEMBER - 5 JANUARY 2025,WAGES,,6900.0,2025,2,February,1,8,5,30 DECEMBER,5 JANUARY 2025,WAGES,Labor,104075.0
2025-02-22,SAT,30 DECEMBER - 5 JANUARY 2025,FUEL/TOLL,,800.0,2025,2,February,1,8,6,30 DECEMBER,5 JANUARY 2025,FUEL/TOLL,Transportation,43650.31
2025-02-22,SAT,30 DECEMBER - 5 JANUARY 2025,TOTALS,,800.0,2025,2,February,1,8,6,30 DECEMBER,5 JANUARY 2025,TOTALS,Other Expenses,618209.76
2025-02-23,SUN,30 DECEMBER - 5 JANUARY 2025,ELECTRICITY,,1500.0,2025,2,February,1,8,7,30 DECEMBER,5 JANUARY 2025,ELECTRICITY,Utilities,17402.44
2025-02-23,SUN,30 DECEMBER - 5 JANUARY 2025,OTHER,AE BARB CS,297.93,2025,2,February,1,8,7,30 DECEMBER,5 JANUARY 2025,OTHER,Other Expenses,27856.22
2025-02-23,SUN,30 DECEMBER - 5 JANUARY 2025,SHOPRITE,,279.92,2025,2,February,1,8,7,30 DECEMBER,5 JANUARY 2025,SHOPRITE,Supplies,8627.05
2025-02-23,SUN,30 DECEMBER - 5 JANUARY 2025,TOTALS,,9461.27,2025,2,February,1,8,7,30 DECEMBER,5 JANUARY 2025,TOTALS,Other Expenses,627671.03
2025-02-23,SUN,30 DECEMBER - 5 JANUARY 2025,WASI,,7087.48,2025,2,February,1,8,7,30 DECEMBER,5 JANUARY 2025,WASI,Raw Materials,200932.35
2025-02-24,MON,30 DECEMBER - 5 JANUARY 2025,FUEL/TOLL,,532.06,2025,2,February,1,9,1,30 DECEMBER,5 JANUARY 2025,FUEL/TOLL,Transportation,44182.37
2025-02-24,MON,30 DECEMBER - 5 JANUARY 2025,SHOPRITE,,639.88,2025,2,February,1,9,1,30 DECEMBER,5 JANUARY 2025,SHOPRITE,Supplies,9266.93
2025-02-24,MON,30 DECEMBER - 5 JANUARY 2025,TOTALS,,10224.409999999998,2025,2,February,1,9,1,30 DECEMBER,5 JANUARY 2025,TOTALS,Other Expenses,637895.44
2025-02-24,MON,30 DECEMBER - 5 JANUARY 2025,WASI,,9052.47,2025,2,February,1,9,1,30 DECEMBER,5 JANUARY 2025,WASI,Raw Materials,209984.82
2025-02-25,TUES,30 DECEMBER - 5 JANUARY 2025,OTHER,MISS SUPERMARKET,260.0,2025,2,February,1,9,2,30 DECEMBER,5 JANUARY 2025,OTHER,Other Expenses,28116.22
2025-02-25,TUES,30 DECEMBER - 5 JANUARY 2025,T/BANTU SWEETS,,50.0,2025,2,February,1,9,2,30 DECEMBER,5 JANUARY 2025,T/BANTU SWEETS,Raw Materials,1067.9
2025-02-25,TUES,30 DECEMBER - 5 JANUARY 2025,TOTALS,,9053.1,2025,2,February,1,9,2,30 DECEMBER,5 JANUARY 2025,TOTALS,Other Expenses,646948.54
2025-02-25,TUES,30 DECEMBER - 5 JANUARY 2025,WASI,,7880.6,2025,2,February,1,9,2,30 DECEMBER,5 JANUARY 2025,WASI,Raw Materials,217865.42
2025-02-26,WED,30 DECEMBER - 5 JANUARY 2025,CHIPKINS,,10521.58,2025,2,February,1,9,3,30 DECEMBER,5 JANUARY 2025,CHIPKINS,Raw Materials,128161.54000000001
2025-02-26,WED,30 DECEMBER - 5 JANUARY 2025,FUEL/TOLL,,800.0,2025,2,February,1,9,3,30 DECEMBER,5 JANUARY 2025,FUEL/TOLL,Transportation,44982.37
2025-02-26,WED,30 DECEMBER - 5 JANUARY 2025,HYPER SWEETS,,1200.0,2025,2,February,1,9,3,30 DECEMBER,5 JANUARY 2025,HYPER SWEETS,Raw Materials,5544.0
2025-02-26,WED,30 DECEMBER - 5 JANUARY 2025,OTHER,ALLY CATS,160.0,2025,2,February,1,9,3,30 DECEMBER,5 JANUARY 2025,OTHER,Other Expenses,28276.22
2025-02-26,WED,30 DECEMBER - 5 JANUARY 2025,T/BANTU SWEETS,,180.0,2025,2,February,1,9,3,30 DECEMBER,5 JANUARY 2025,T/BANTU SWEETS,Raw Materials,1247.9
2025-02-26,WED,30 DECEMBER - 5 JANUARY 2025,TOTALS,,13475.56,2025,2,February,1,9,3,30 DECEMBER,5 JANUARY 2025,TOTALS,Other Expenses,660424.1
2025-02-26,WED,30 DECEMBER - 5 JANUARY 2025,WASI,,163.98,2025,2,February,1,9,3,30 DECEMBER,5 JANUARY 2025,WASI,Raw Materials,218029.4
2025-02-27,THU,30 DECEMBER - 5 JANUARY 2025,CAVALIERI,,575.0,2025,2,February,1,9,4,30 DECEMBER,5 JANUARY 2025,CAVALIERI,Other Expenses,1725.0
2025-02-27,THU,30 DECEMBER - 5 JANUARY 2025,FUEL/TOLL,,1868.1100000000001,2025,2,February,1,9,4,30 DECEMBER,5 JANUARY 2025,FUEL/TOLL,Transportation,46850.479999999996
2025-02-27,THU,30 DECEMBER - 5 JANUARY 2025,MAKRO,,2588.9,2025,2,February,1,9,4,30 DECEMBER,5 JANUARY 2025,MAKRO,Supplies,7894.4
2025-02-27,THU,30 DECEMBER - 5 JANUARY 2025,OTHER,AE BARB CS,119.99,2025,2,February,1,9,4,30 DECEMBER,5 JANUARY 2025,OTHER,Other Expenses,28396.21
2025-02-27,THU,30 DECEMBER - 5 JANUARY 2025,SHOPRITE,,359.91,2025,2,February,1,9,4,30 DECEMBER,5 JANUARY 2025,SHOPRITE,Supplies,9626.84
2025-02-27,THU,30 DECEMBER - 5 JANUARY 2025,SPICE AND PACK,,7157.54,2025,2,February,1,9,4,30 DECEMBER,5 JANUARY 2025,SPICE AND PACK,Other Expenses,36944.229999999996
2025-02-27,THU,30 DECEMBER - 5 JANUARY 2025,TOTALS,,21920.920000000002,2025,2,February,1,9,4,30 DECEMBER,5 JANUARY 2025,TOTALS,Other Expenses,682345.02
2025-02-27,THU,30 DECEMBER - 5 JANUARY 2025,WASI,,8827.49,2025,2,February,1,9,4,30 DECEMBER,5 JANUARY 2025,WASI,Raw Materials,226856.89
2025-02-28,FRI,30 DECEMBER - 5 JANUARY 2025,FUEL/TOLL,,800.0,2025,2,February,1,9,5,30 DECEMBER,5 JANUARY 2025,FUEL/TOLL,Transportation,47650.479999999996
2025-02-28,FRI,30 DECEMBER - 5 JANUARY 2025,OTHER,WESTVAAL,4797.69,2025,2,February,1,9,5,30 DECEMBER,5 JANUARY 2025,OTHER,Other Expenses,33193.9
2025-02-28,FRI,30 DECEMBER - 5 JANUARY 2025,TOTALS,,5597.69,2025,2,February,1,9,5,30 DECEMBER,5 JANUARY 2025,TOTALS,Other Expenses,687942.71
2025-03-01,SAT,30 DECEMBER - 5 JANUARY 2025,ELECTRICITY,,1500.0,2025,3,March,1,9,6,30 DECEMBER,5 JANUARY 2025,ELECTRICITY,Utilities,18902.44
2025-03-01,SAT,30 DECEMBER - 5 JANUARY 2025,SHOPRITE,,279.93,2025,3,March,1,9,6,30 DECEMBER,5 JANUARY 2025,SHOPRITE,Supplies,9906.77
2025-03-01,SAT,30 DECEMBER - 5 JANUARY 2025,TOTALS,,24909.54,2025,3,March,1,9,6,30 DECEMBER,5 JANUARY 2025,TOTALS,Other Expenses,712852.25
2025-03-01,SAT,30 DECEMBER - 5 JANUARY 2025,WAGES,,14530.0,2025,3,March,1,9,6,30 DECEMBER,5 JANUARY 2025,WAGES,Labor,118605.0
2025-03-01,SAT,30 DECEMBER - 5 JANUARY 2025,WASI,,8599.61,2025,3,March,1,9,6,30 DECEMBER,5 JANUARY 2025,WASI,Raw Materials,235456.5
2025-03-03,MON,30 DECEMBER - 5 JANUARY 2025,FUEL/TOLL,,800.0,2025,3,March,1,10,1,30 DECEMBER,5 JANUARY 2025,FUEL/TOLL,Transportation,48450.479999999996
2025-03-03,MON,30 DECEMBER - 5 JANUARY 2025,OTHER,FAMILY STORE,193.99,2025,3,March,1,10,1,30 DECEMBER,5 JANUARY 2025,OTHER,Other Expenses,33387.89
2025-03-03,MON,30 DECEMBER - 5 JANUARY 2025,TOTALS,,7862.62,2025,3,March,1,10,1,30 DECEMBER,5 JANUARY 2025,TOTALS,Other Expenses,720714.87
2025-03-03,MON,30 DECEMBER - 5 JANUARY 2025,WASI,,6507.63,2025,3,March,1,10,1,30 DECEMBER,5 JANUARY 2025,WASI,Raw Materials,241964.13
2025-03-04,TUES,30 DECEMBER - 5 JANUARY 2025,CHIPKINS,,5681.0,2025,3,March,1,10,2,30 DECEMBER,5 JANUARY 2025,CHIPKINS,Raw Materials,133842.54
2025-03-04,TUES,30 DECEMBER - 5 JANUARY 2025,FUEL/TOLL,,1252.25,2025,3,March,1,10,2,30 DECEMBER,5 JANUARY 2025,FUEL/TOLL,Transportation,49702.729999999996
2025-03-04,TUES,30 DECEMBER - 5 JANUARY 2025,OTHER,home & party store,85.0,2025,3,March,1,10,2,30 DECEMBER,5 JANUARY 2025,OTHER,Other Expenses,33472.89
2025-03-04,TUES,30 DECEMBER - 5 JANUARY 2025,SHOPRITE,,319.92,2025,3,March,1,10,2,30 DECEMBER,5 JANUARY 2025,SHOPRITE,Supplies,10226.69
2025-03-04,TUES,30 DECEMBER - 5 JANUARY 2025,TOTALS,,15362.72,2025,3,March,1,10,2,30 DECEMBER,5 JANUARY 2025,TOTALS,Other Expenses,736077.59
2025-03-04,TUES,30 DECEMBER - 5 JANUARY 2025,WASI,,7318.55,2025,3,March,1,10,2,30 DECEMBER,5 JANUARY 2025,WASI,Raw Materials,249282.68
2025-03-05,WED,30 DECEMBER - 5 JANUARY 2025,FUEL/TOLL,,800.0,2025,3,March,1,10,3,30 DECEMBER,5 JANUARY 2025,FUEL/TOLL,Transportation,50502.729999999996
2025-03-05,WED,30 DECEMBER - 5 JANUARY 2025,TOTALS,,800.0,2025,3,March,1,10,3,30 DECEMBER,5 JANUARY 2025,TOTALS,Other Expenses,736877.59
2025-03-06,THU,30 DECEMBER - 5 JANUARY 2025,CHIPKINS,,4358.5,2025,3,March,1,10,4,30 DECEMBER,5 JANUARY 2025,CHIPKINS,Raw Materials,138201.04
2025-03-06,THU,30 DECEMBER - 5 JANUARY 2025,FUEL/TOLL,,800.0,2025,3,March,1,10,4,30 DECEMBER,5 JANUARY 2025,FUEL/TOLL,Transportation,51302.729999999996
2025-03-06,THU,30 DECEMBER - 5 JANUARY 2025,OTHER,AE BARB CS,379.25,2025,3,March,1,10,4,30 DECEMBER,5 JANUARY 2025,OTHER,Other Expenses,33852.14
2025-03-06,THU,30 DECEMBER - 5 JANUARY 2025,SHOPRITE,,319.92,2025,3,March,1,10,4,30 DECEMBER,5 JANUARY 2025,SHOPRITE,Supplies,10546.61
2025-03-06,THU,30 DECEMBER - 5 JANUARY 2025,TOTALS,,13244.19,2025,3,March,1,10,4,30 DECEMBER,5 JANUARY 2025,TOTALS,Other Expenses,750121.78
2025-03-06,THU,30 DECEMBER - 5 JANUARY 2025,WASI,,7386.52,2025,3,March,1,10,4,30 DECEMBER,5 JANUARY 2025,WASI,Raw Materials,256669.2
2025-03-07,FRI,30 DECEMBER - 5 JANUARY 2025,FUEL/TOLL,,800.08,2025,3,March,1,10,5,30 DECEMBER,5 JANUARY 2025,FUEL/TOLL,Transportation,52102.81
2025-03-07,FRI,30 DECEMBER - 5 JANUARY 2025,OTHER,MICA,76.0,2025,3,March,1,10,5,30 DECEMBER,5 JANUARY 2025,OTHER,Other Expenses,33928.14
2025-03-07,FRI,30 DECEMBER - 5 JANUARY 2025,TOTALS,,20437.03,2025,3,March,1,10,5,30 DECEMBER,5 JANUARY 2025,TOTALS,Other Expenses,770558.8099999999
2025-03-07,FRI,30 DECEMBER - 5 JANUARY 2025,WAGES,,18610.0,2025,3,March,1,10,5,30 DECEMBER,5 JANUARY 2025,WAGES,Labor,137215.0
2025-03-08,SAT,30 DECEMBER - 5 JANUARY 2025,FUEL/TOLL,,700.0,2025,3,March,1,10,6,30 DECEMBER,5 JANUARY 2025,FUEL/TOLL,Transportation,52802.81
2025-03-08,SAT,30 DECEMBER - 5 JANUARY 2025,MAKRO,,3258.8,2025,3,March,1,10,6,30 DECEMBER,5 JANUARY 2025,MAKRO,Supplies,11153.2
2025-03-08,SAT,30 DECEMBER - 5 JANUARY 2025,SHOPRITE,,163.96,2025,3,March,1,10,6,30 DECEMBER,5 JANUARY 2025,SHOPRITE,Supplies,10710.57
2025-03-08,SAT,30 DECEMBER - 5 JANUARY 2025,TOTALS,,7434.59,2025,3,March,1,10,6,30 DECEMBER,5 JANUARY 2025,TOTALS,Other Expenses,777993.4
2025-03-08,SAT,30 DECEMBER - 5 JANUARY 2025,WASI,,3311.83,2025,3,March,1,10,6,30 DECEMBER,5 JANUARY 2025,WASI,Raw Materials,259981.03
2025-03-09,SUN,30 DECEMBER - 5 JANUARY 2025,FUEL/TOLL,,800.0,2025,3,March,1,10,7,30 DECEMBER,5 JANUARY 2025,FUEL/TOLL,Transportation,53602.81
2025-03-09,SUN,30 DECEMBER - 5 JANUARY 2025,OTHER,PNP,1070.7,2025,3,March,1,10,7,30 DECEMBER,5 JANUARY 2025,OTHER,Other Expenses,34998.84
2025-03-09,SUN,30 DECEMBER - 5 JANUARY 2025,SHOPRITE,,319.92,2025,3,March,1,10,7,30 DECEMBER,5 JANUARY 2025,SHOPRITE,Supplies,11030.49
2025-03-09,SUN,30 DECEMBER - 5 JANUARY 2025,TOTALS,,10892.150000000001,2025,3,March,1,10,7,30 DECEMBER,5 JANUARY 2025,TOTALS,Other Expenses,788885.5499999999
2025-03-09,SUN,30 DECEMBER - 5 JANUARY 2025,WASI,,8701.53,2025,3,March,1,10,7,30 DECEMBER,5 JANUARY 2025,WASI,Raw Materials,268682.56
2025-03-10,MON,30 DECEMBER - 5 JANUARY 2025,ELECTRICITY,,1500.0,2025,3,March,1,11,1,30 DECEMBER,5 JANUARY 2025,ELECTRICITY,Utilities,20402.44
2025-03-10,MON,30 DECEMBER - 5 JANUARY 2025,FUEL/TOLL,,800.0,2025,3,March,1,11,1,30 DECEMBER,5 JANUARY 2025,FUEL/TOLL,Transportation,54402.81
2025-03-10,MON,30 DECEMBER - 5 JANUARY 2025,HYPER SWEETS,,1200.0,2025,3,March,1,11,1,30 DECEMBER,5 JANUARY 2025,HYPER SWEETS,Raw Materials,6744.0
2025-03-10,MON,30 DECEMBER - 5 JANUARY 2025,OTHER,AE BARB CS,49.0,2025,3,March,1,11,1,30 DECEMBER,5 JANUARY 2025,OTHER,Other Expenses,35047.84
2025-03-10,MON,30 DECEMBER - 5 JANUARY 2025,SHOPRITE,,404.91,2025,3,March,1,11,1,30 DECEMBER,5 JANUARY 2025,SHOPRITE,Supplies,11435.4
2025-03-10,MON,30 DECEMBER - 5 JANUARY 2025,T/BANTU SWEETS,,180.0,2025,3,March,1,11,1,30 DECEMBER,5 JANUARY 2025,T/BANTU SWEETS,Raw Materials,1427.9
2025-03-10,MON,30 DECEMBER - 5 JANUARY 2025,TOTALS,,11246.51,2025,3,March,1,11,1,30 DECEMBER,5 JANUARY 2025,TOTALS,Other Expenses,800132.0599999999
2025-03-10,MON,30 DECEMBER - 5 JANUARY 2025,WASI,,7112.6,2025,3,March,1,11,1,30 DECEMBER,5 JANUARY 2025,WASI,Raw Materials,275795.16
2025-03-11,TUES,30 DECEMBER - 5 JANUARY 2025,CHIPKINS,,19333.8,2025,3,March,1,11,2,30 DECEMBER,5 JANUARY 2025,CHIPKINS,Raw Materials,157534.84
2025-03-11,TUES,30 DECEMBER - 5 JANUARY 2025,FUEL/TOLL,,745.24,2025,3,March,1,11,2,30 DECEMBER,5 JANUARY 2025,FUEL/TOLL,Transportation,55148.05
2025-03-11,TUES,30 DECEMBER - 5 JANUARY 2025,SHOPRITE,,359.92,2025,3,March,1,11,2,30 DECEMBER,5 JANUARY 2025,SHOPRITE,Supplies,11795.32
2025-03-11,TUES,30 DECEMBER - 5 JANUARY 2025,SPICE AND PACK,,4771.7,2025,3,March,1,11,2,30 DECEMBER,5 JANUARY 2025,SPICE AND PACK,Other Expenses,41715.93
2025-03-11,TUES,30 DECEMBER - 5 JANUARY 2025,TOTALS,,31734.3,2025,3,March,1,11,2,30 DECEMBER,5 JANUARY 2025,TOTALS,Other Expenses,831866.36
2025-03-11,TUES,30 DECEMBER - 5 JANUARY 2025,WASI,,6523.64,2025,3,March,1,11,2,30 DECEMBER,5 JANUARY 2025,WASI,Raw Materials,282318.8
2025-03-12,WED,30 DECEMBER - 5 JANUARY 2025,FUEL/TOLL,,1400.0,2025,3,March,1,11,3,30 DECEMBER,5 JANUARY 2025,FUEL/TOLL,Transportation,56548.05
2025-03-12,WED,30 DECEMBER - 5 JANUARY 2025,TOTALS,,1400.0,2025,3,March,1,11,3,30 DECEMBER,5 JANUARY 2025,TOTALS,Other Expenses,833266.36
2025-03-13,THU,30 DECEMBER - 5 JANUARY 2025,SHOPRITE,,224.95,2025,3,March,1,11,4,30 DECEMBER,5 JANUARY 2025,SHOPRITE,Supplies,12020.27
2025-03-13,THU,30 DECEMBER - 5 JANUARY 2025,TOTALS,,6660.57,2025,3,March,1,11,4,30 DECEMBER,5 JANUARY 2025,TOTALS,Other Expenses,839926.9299999999
2025-03-13,THU,30 DECEMBER - 5 JANUARY 2025,WASI,,6435.62,2025,3,March,1,11,4,30 DECEMBER,5 JANUARY 2025,WASI,Raw Materials,288754.42
2025-03-14,FRI,30 DECEMBER - 5 JANUARY 2025,FUEL/TOLL,,500.0,2025,3,March,1,11,5,30 DECEMBER,5 JANUARY 2025,FUEL/TOLL,Transportation,57048.05
2025-03-14,FRI,30 DECEMBER - 5 JANUARY 2025,TOTALS,,500.0,2025,3,March,1,11,5,30 DECEMBER,5 JANUARY 2025,TOTALS,Other Expenses,840426.9299999999
2025-03-15,SAT,30 DECEMBER - 5 JANUARY 2025,ELECTRICITY,,1500.0,2025,3,March,1,11,6,30 DECEMBER,5 JANUARY 2025,ELECTRICITY,Utilities,21902.44
2025-03-15,SAT,30 DECEMBER - 5 JANUARY 2025,SHOPRITE,,359.92,2025,3,March,1,11,6,30 DECEMBER,5 JANUARY 2025,SHOPRITE,Supplies,12380.19
2025-03-15,SAT,30 DECEMBER - 5 JANUARY 2025,TOTALS,,27177.579999999998,2025,3,March,1,11,6,30 DECEMBER,5 JANUARY 2025,TOTALS,Other Expenses,867604.51
2025-03-15,SAT,30 DECEMBER - 5 JANUARY 2025,WAGES,,17855.0,2025,3,March,1,11,6,30 DECEMBER,5 JANUARY 2025,WAGES,Labor,155070.0
2025-03-15,SAT,30 DECEMBER - 5 JANUARY 2025,WASI,,7462.66,2025,3,March,1,11,6,30 DECEMBER,5 JANUARY 2025,WASI,Raw Materials,296217.08
2025-03-16,SUN,30 DECEMBER - 5 JANUARY 2025,OTHER,ae barb cs,194.98000000000002,2025,3,March,1,11,7,30 DECEMBER,5 JANUARY 2025,OTHER,Other Expenses,35242.82
2025-03-16,SUN,30 DECEMBER - 5 JANUARY 2025,TOTALS,,1310.98,2025,3,March,1,11,7,30 DECEMBER,5 JANUARY 2025,TOTALS,Other Expenses,868915.49
2025-03-17,MON,30 DECEMBER - 5 JANUARY 2025,CHIPKINS,,18571.13,2025,3,March,1,12,1,30 DECEMBER,5 JANUARY 2025,CHIPKINS,Raw Materials,176105.97
2025-03-17,MON,30 DECEMBER - 5 JANUARY 2025,FUEL/TOLL,,1500.0,2025,3,March,1,12,1,30 DECEMBER,5 JANUARY 2025,FUEL/TOLL,Transportation,58548.05
2025-03-17,MON,30 DECEMBER - 5 JANUARY 2025,MAKRO,,778.0,2025,3,March,1,12,1,30 DECEMBER,5 JANUARY 2025,MAKRO,Supplies,11931.2
2025-03-17,MON,30 DECEMBER - 5 JANUARY 2025,OTHER,MISS SUPERMARKET,505.0,2025,3,March,1,12,1,30 DECEMBER,5 JANUARY 2025,OTHER,Other Expenses,35747.82
2025-03-17,MON,30 DECEMBER - 5 JANUARY 2025,SHOPRITE,,359.92,2025,3,March,1,12,1,30 DECEMBER,5 JANUARY 2025,SHOPRITE,Supplies,12740.11
2025-03-17,MON,30 DECEMBER - 5 JANUARY 2025,TOTALS,,34085.090000000004,2025,3,March,1,12,1,30 DECEMBER,5 JANUARY 2025,TOTALS,Other Expenses,903000.58
2025-03-17,MON,30 DECEMBER - 5 JANUARY 2025,WASI,,8474.49,2025,3,March,1,12,1,30 DECEMBER,5 JANUARY 2025,WASI,Raw Materials,304691.57
2025-03-18,TUES,30 DECEMBER - 5 JANUARY 2025,FUEL/TOLL,,1300.37,2025,3,March,1,12,2,30 DECEMBER,5 JANUARY 2025,FUEL/TOLL,Transportation,59848.42
2025-03-18,TUES,30 DECEMBER - 5 JANUARY 2025,OTHER,BACK 2 BASICS,133.0,2025,3,March,1,12,2,30 DECEMBER,5 JANUARY 2025,OTHER,Other Expenses,35880.82
2025-03-18,TUES,30 DECEMBER - 5 JANUARY 2025,SHOPRITE,,314.93,2025,3,March,1,12,2,30 DECEMBER,5 JANUARY 2025,SHOPRITE,Supplies,13055.04
2025-03-18,TUES,30 DECEMBER - 5 JANUARY 2025,TOTALS,,9766.31,2025,3,March,1,12,2,30 DECEMBER,5 JANUARY 2025,TOTALS,Other Expenses,912766.89
2025-03-18,TUES,30 DECEMBER - 5 JANUARY 2025,WASI,,7198.61,2025,3,March,1,12,2,30 DECEMBER,5 JANUARY 2025,WASI,Raw Materials,311890.18
2025-03-19,WED,30 DECEMBER - 5 JANUARY 2025,FUEL/TOLL,,800.0,2025,3,March,1,12,3,30 DECEMBER,5 JANUARY 2025,FUEL/TOLL,Transportation,60648.42
2025-03-19,WED,30 DECEMBER - 5 JANUARY 2025,TOTALS,,800.0,2025,3,March,1,12,3,30 DECEMBER,5 JANUARY 2025,TOTALS,Other Expenses,913566.89
2025-03-20,THU,30 DECEMBER - 5 JANUARY 2025,CAVALIERI,,4906.73,2025,3,March,1,12,4,30 DECEMBER,5 JANUARY 2025,CAVALIERI,Other Expenses,6631.73
2025-03-20,THU,30 DECEMBER - 5 JANUARY 2025,FUEL/TOLL,,800.0,2025,3,March,1,12,4,30 DECEMBER,5 JANUARY 2025,FUEL/TOLL,Transportation,61448.42
2025-03-20,THU,30 DECEMBER - 5 JANUARY 2025,SPICE AND PACK,,7157.54,2025,3,March,1,12,4,30 DECEMBER,5 JANUARY 2025,SPICE AND PACK,Other Expenses,48873.47
2025-03-20,THU,30 DECEMBER - 5 JANUARY 2025,TOTALS,,12864.27,2025,3,March,1,12,4,30 DECEMBER,5 JANUARY 2025,TOTALS,Other Expenses,926431.16
2025-03-21,FRI,30 DECEMBER - 5 JANUARY 2025,FUEL/TOLL,,800.0,2025,3,March,1,12,5,30 DECEMBER,5 JANUARY 2025,FUEL/TOLL,Transportation,62248.42
2025-03-21,FRI,30 DECEMBER - 5 JANUARY 2025,TOTALS,,800.0,2025,3,March,1,12,5,30 DECEMBER,5 JANUARY 2025,TOTALS,Other Expenses,927231.16
2025-03-23,SUN,30 DECEMBER - 5 JANUARY 2025,SHOPRITE,,654.86,2025,3,March,1,12,7,30 DECEMBER,5 JANUARY 2025,SHOPRITE,Supplies,13709.9
2025-03-23,SUN,30 DECEMBER - 5 JANUARY 2025,TOTALS,,10302.1,2025,3,March,1,12,7,30 DECEMBER,5 JANUARY 2025,TOTALS,Other Expenses,937533.26
2025-03-23,SUN,30 DECEMBER - 5 JANUARY 2025,WASI,,9647.24,2025,3,March,1,12,7,30 DECEMBER,5 JANUARY 2025,WASI,Raw Materials,321537.42
2025-03-24,MON,30 DECEMBER - 5 JANUARY 2025,OTHER,AE BARB CS,91.99,2025,3,March,1,13,1,30 DECEMBER,5 JANUARY 2025,OTHER,Other Expenses,35972.81
2025-03-24,MON,30 DECEMBER - 5 JANUARY 2025,SHOPRITE,,404.91,2025,3,March,1,13,1,30 DECEMBER,5 JANUARY 2025,SHOPRITE,Supplies,14114.81
2025-03-24,MON,30 DECEMBER - 5 JANUARY 2025,TOTALS,,8444.48,2025,3,March,1,13,1,30 DECEMBER,5 JANUARY 2025,TOTALS,Other Expenses,945977.74
2025-03-24,MON,30 DECEMBER - 5 JANUARY 2025,WASI,,7646.45,2025,3,March,1,13,1,30 DECEMBER,5 JANUARY 2025,WASI,Raw Materials,329183.87
2025-03-25,TUES,30 DECEMBER - 5 JANUARY 2025,CAVALIERI,,575.0,2025,3,March,1,13,2,30 DECEMBER,5 JANUARY 2025,CAVALIERI,Other Expenses,7206.73
2025-03-25,TUES,30 DECEMBER - 5 JANUARY 2025,FUEL/TOLL,,1961.61,2025,3,March,1,13,2,30 DECEMBER,5 JANUARY 2025,FUEL/TOLL,Transportation,64210.03
2025-03-25,TUES,30 DECEMBER - 5 JANUARY 2025,HYPER SWEETS,,600.0,2025,3,March,1,13,2,30 DECEMBER,5 JANUARY 2025,HYPER SWEETS,Raw Materials,7344.0
2025-03-25,TUES,30 DECEMBER - 5 JANUARY 2025,MAKRO,,1327.8,2025,3,March,1,13,2,30 DECEMBER,5 JANUARY 2025,MAKRO,Supplies,13259.0
2025-03-25,TUES,30 DECEMBER - 5 JANUARY 2025,OTHER,BACK 2 BASICS,50.0,2025,3,March,1,13,2,30 DECEMBER,5 JANUARY 2025,OTHER,Other Expenses,36022.81
2025-03-25,TUES,30 DECEMBER - 5 JANUARY 2025,SHOPRITE,,404.91,2025,3,March,1,13,2,30 DECEMBER,5 JANUARY 2025,SHOPRITE,Supplies,14519.72
2025-03-25,TUES,30 DECEMBER - 5 JANUARY 2025,T/BANTU SWEETS,,256.0,2025,3,March,1,13,2,30 DECEMBER,5 JANUARY 2025,T/BANTU SWEETS,Raw Materials,1683.9
2025-03-25,TUES,30 DECEMBER - 5 JANUARY 2025,TOTALS,,14171.649999999998,2025,3,March,1,13,2,30 DECEMBER,5 JANUARY 2025,TOTALS,Other Expenses,960149.39
2025-03-25,TUES,30 DECEMBER - 5 JANUARY 2025,WASI,,8418.33,2025,3,March,1,13,2,30 DECEMBER,5 JANUARY 2025,WASI,Raw Materials,337602.2
2025-03-26,WED,30 DECEMBER - 5 JANUARY 2025,FUEL/TOLL,,800.0,2025,3,March,1,13,3,30 DECEMBER,5 JANUARY 2025,FUEL/TOLL,Transportation,65010.03
2025-03-26,WED,30 DECEMBER - 5 JANUARY 2025,TOTALS,,800.0,2025,3,March,1,13,3,30 DECEMBER,5 JANUARY 2025,TOTALS,Other Expenses,960949.39
2025-03-27,THU,30 DECEMBER - 5 JANUARY 2025,FUEL/TOLL,,800.0,2025,3,March,1,13,4,30 DECEMBER,5 JANUARY 2025,FUEL/TOLL,Transportation,65810.03
2025-03-27,THU,30 DECEMBER - 5 JANUARY 2025,OTHER,OIL,50.0,2025,3,March,1,13,4,30 DECEMBER,5 JANUARY 2025,OTHER,Other Expenses,36072.81
2025-03-27,THU,30 DECEMBER - 5 JANUARY 2025,SHOPRITE,,404.91,2025,3,March,1,13,4,30 DECEMBER,5 JANUARY 2025,SHOPRITE,Supplies,14924.63
2025-03-27,THU,30 DECEMBER - 5 JANUARY 2025,SPICE AND PACK,,7157.54,2025,3,March,1,13,4,30 DECEMBER,5 JANUARY 2025,SPICE AND PACK,Other Expenses,56031.01
2025-03-27,THU,30 DECEMBER - 5 JANUARY 2025,TOTALS,,16348.060000000001,2025,3,March,1,13,4,30 DECEMBER,5 JANUARY 2025,TOTALS,Other Expenses,977297.45
2025-03-27,THU,30 DECEMBER - 5 JANUARY 2025,WASI,,7935.61,2025,3,March,1,13,4,30 DECEMBER,5 JANUARY 2025,WASI,Raw Materials,345537.81
2025-03-28,FRI,30 DECEMBER - 5 JANUARY 2025,CHIPKINS,,4358.5,2025,3,March,1,13,5,30 DECEMBER,5 JANUARY 2025,CHIPKINS,Raw Materials,180464.47
2025-03-28,FRI,30 DECEMBER - 5 JANUARY 2025,FUEL/TOLL,,800.0,2025,3,March,1,13,5,30 DECEMBER,5 JANUARY 2025,FUEL/TOLL,Transportation,66610.03
2025-03-28,FRI,30 DECEMBER - 5 JANUARY 2025,OTHER,OBARO,360.0,2025,3,March,1,13,5,30 DECEMBER,5 JANUARY 2025,OTHER,Other Expenses,36432.81
2025-03-28,FRI,30 DECEMBER - 5 JANUARY 2025,TOTALS,,5518.5,2025,3,March,1,13,5,30 DECEMBER,5 JANUARY 2025,TOTALS,Other Expenses,982815.95
2025-03-29,SAT,30 DECEMBER - 5 JANUARY 2025,ELECTRICITY,,1500.0,2025,3,March,1,13,6,30 DECEMBER,5 JANUARY 2025,ELECTRICITY,Utilities,23402.44
2025-03-29,SAT,30 DECEMBER - 5 JANUARY 2025,SHOPRITE,,449.9,2025,3,March,1,13,6,30 DECEMBER,5 JANUARY 2025,SHOPRITE,Supplies,15374.53
2025-03-29,SAT,30 DECEMBER - 5 JANUARY 2025,TOTALS,,28564.420000000002,2025,3,March,1,13,6,30 DECEMBER,5 JANUARY 2025,TOTALS,Other Expenses,1011380.37
2025-03-29,SAT,30 DECEMBER - 5 JANUARY 2025,WAGES,,16235.0,2025,3,March,1,13,6,30 DECEMBER,5 JANUARY 2025,WAGES,Labor,171305.0
2025-03-29,SAT,30 DECEMBER - 5 JANUARY 2025,WASI,,10379.52,2025,3,March,1,13,6,30 DECEMBER,5 JANUARY 2025,WASI,Raw Materials,355917.33
2025-03-30,SUN,30 DECEMBER - 5 JANUARY 2025,TOTALS,,184.98,2025,3,March,1,13,7,30 DECEMBER,5 JANUARY 2025,TOTALS,Other Expenses,1011565.35
2025-03-30,SUN,30 DECEMBER - 5 JANUARY 2025,WASI,,184.98,2025,3,March,1,13,7,30 DECEMBER,5 JANUARY 2025,WASI,Raw Materials,356102.31
2025-03-31,MON,30 DECEMBER - 5 JANUARY 2025,CHIPKINS,,3708.75,2025,3,March,1,14,1,30 DECEMBER,5 JANUARY 2025,CHIPKINS,Raw Materials,184173.22
2025-03-31,MON,30 DECEMBER - 5 JANUARY 2025,FUEL/TOLL,,697.58,2025,3,March,1,14,1,30 DECEMBER,5 JANUARY 2025,FUEL/TOLL,Transportation,67307.61
2025-03-31,MON,30 DECEMBER - 5 JANUARY 2025,OTHER,FUNCHAL CAFÉ&SUPERMARKET,50.0,2025,3,March,1,14,1,30 DECEMBER,5 JANUARY 2025,OTHER,Other Expenses,36482.81
2025-03-31,MON,30 DECEMBER - 5 JANUARY 2025,SHOPRITE,,413.91,2025,3,March,1,14,1,30 DECEMBER,5 JANUARY 2025,SHOPRITE,Supplies,15788.44
2025-03-31,MON,30 DECEMBER - 5 JANUARY 2025,TOTALS,,14858.66,2025,3,March,1,14,1,30 DECEMBER,5 JANUARY 2025,TOTALS,Other Expenses,1026424.01
2025-03-31,MON,30 DECEMBER - 5 JANUARY 2025,WASI,,9033.42,2025,3,March,1,14,1,30 DECEMBER,5 JANUARY 2025,WASI,Raw Materials,365135.73
2025-04-01,TUES,30 DECEMBER - 5 JANUARY 2025,CHIPKINS,,1713.5,2025,4,April,2,14,2,30 DECEMBER,5 JANUARY 2025,CHIPKINS,Raw Materials,185886.72
2025-04-01,TUES,30 DECEMBER - 5 JANUARY 2025,FUEL/TOLL,,630.46,2025,4,April,2,14,2,30 DECEMBER,5 JANUARY 2025,FUEL/TOLL,Transportation,67938.06999999999
2025-04-01,TUES,30 DECEMBER - 5 JANUARY 2025,OTHER,PNP,32.99,2025,4,April,2,14,2,30 DECEMBER,5 JANUARY 2025,OTHER,Other Expenses,36515.8
2025-04-01,TUES,30 DECEMBER - 5 JANUARY 2025,SHOPRITE,,385.91,2025,4,April,2,14,2,30 DECEMBER,5 JANUARY 2025,SHOPRITE,Supplies,16174.35
2025-04-01,TUES,30 DECEMBER - 5 JANUARY 2025,T/BANTU SWEETS,,16.9,2025,4,April,2,14,2,30 DECEMBER,5 JANUARY 2025,T/BANTU SWEETS,Raw Materials,1700.8
2025-04-01,TUES,30 DECEMBER - 5 JANUARY 2025,TOTALS,,10048.38,2025,4,April,2,14,2,30 DECEMBER,5 JANUARY 2025,TOTALS,Other Expenses,1036472.39
2025-04-01,TUES,30 DECEMBER - 5 JANUARY 2025,WASI,,7268.62,2025,4,April,2,14,2,30 DECEMBER,5 JANUARY 2025,WASI,Raw Materials,372404.35
2025-04-02,WED,30 DECEMBER - 5 JANUARY 2025,FUEL/TOLL,,800.0,2025,4,April,2,14,3,30 DECEMBER,5 JANUARY 2025,FUEL/TOLL,Transportation,68738.06999999999
2025-04-02,WED,30 DECEMBER - 5 JANUARY 2025,TOTALS,,800.0,2025,4,April,2,14,3,30 DECEMBER,5 JANUARY 2025,TOTALS,Other Expenses,1037272.39
2025-04-03,THU,30 DECEMBER - 5 JANUARY 2025,CHIPKINS,,16537.0,2025,4,April,2,14,4,30 DECEMBER,5 JANUARY 2025,CHIPKINS,Raw Materials,202423.72
2025-04-03,THU,30 DECEMBER - 5 JANUARY 2025,ELECTRICITY,,800.0,2025,4,April,2,14,4,30 DECEMBER,5 JANUARY 2025,ELECTRICITY,Utilities,24202.44
2025-04-03,THU,30 DECEMBER - 5 JANUARY 2025,FUEL/TOLL,,800.0,2025,4,April,2,14,4,30 DECEMBER,5 JANUARY 2025,FUEL/TOLL,Transportation,69538.06999999999
2025-04-03,THU,30 DECEMBER - 5 JANUARY 2025,OTHER,pnp,174.25,2025,4,April,2,14,4,30 DECEMBER,5 JANUARY 2025,OTHER,Other Expenses,36690.05
2025-04-03,THU,30 DECEMBER - 5 JANUARY 2025,SHOPRITE,,449.91,2025,4,April,2,14,4,30 DECEMBER,5 JANUARY 2025,SHOPRITE,Supplies,16624.26
2025-04-03,THU,30 DECEMBER - 5 JANUARY 2025,SPICE AND PACK,,7157.54,2025,4,April,2,14,4,30 DECEMBER,5 JANUARY 2025,SPICE AND PACK,Other Expenses,63188.55
2025-04-03,THU,30 DECEMBER - 5 JANUARY 2025,TOTALS,,25918.7,2025,4,April,2,14,4,30 DECEMBER,5 JANUARY 2025,TOTALS,Other Expenses,1063191.09
2025-04-04,FRI,30 DECEMBER - 5 JANUARY 2025,FUEL/TOLL,,800.0,2025,4,April,2,14,5,30 DECEMBER,5 JANUARY 2025,FUEL/TOLL,Transportation,70338.06999999999
2025-04-04,FRI,30 DECEMBER - 5 JANUARY 2025,OTHER,BOSBOK GAS,588.0,2025,4,April,2,14,5,30 DECEMBER,5 JANUARY 2025,OTHER,Other Expenses,37278.05
2025-04-04,FRI,30 DECEMBER - 5 JANUARY 2025,TOTALS,,23330.56,2025,4,April,2,14,5,30 DECEMBER,5 JANUARY 2025,TOTALS,Other Expenses,1086521.65
2025-04-04,FRI,30 DECEMBER - 5 JANUARY 2025,WAGES,,18670.0,2025,4,April,2,14,5,30 DECEMBER,5 JANUARY 2025,WAGES,Labor,189975.0
2025-04-05,SAT,30 DECEMBER - 5 JANUARY 2025,ELECTRICITY,,800.0,2025,4,April,2,14,6,30 DECEMBER,5 JANUARY 2025,ELECTRICITY,Utilities,25002.44
2025-04-05,SAT,30 DECEMBER - 5 JANUARY 2025,OTHER,AE BARB,192.98,2025,4,April,2,14,6,30 DECEMBER,5 JANUARY 2025,OTHER,Other Expenses,37471.03
2025-04-05,SAT,30 DECEMBER - 5 JANUARY 2025,TOTALS,,992.98,2025,4,April,2,14,6,30 DECEMBER,5 JANUARY 2025,TOTALS,Other Expenses,1087514.63
2025-04-06,SUN,30 DECEMBER - 5 JANUARY 2025,FUEL/TOLL,,1650.0,2025,4,April,2,14,7,30 DECEMBER,5 JANUARY 2025,FUEL/TOLL,Transportation,71988.07
2025-04-06,SUN,30 DECEMBER - 5 JANUARY 2025,OTHER,MISS SUPERMARKET,220.0,2025,4,April,2,14,7,30 DECEMBER,5 JANUARY 2025,OTHER,Other Expenses,37691.03
2025-04-06,SUN,30 DECEMBER - 5 JANUARY 2025,SHOPRITE,,349.93,2025,4,April,2,14,7,30 DECEMBER,5 JANUARY 2025,SHOPRITE,Supplies,16974.19
2025-04-06,SUN,30 DECEMBER - 5 JANUARY 2025,TOTALS,,6101.77,2025,4,April,2,14,7,30 DECEMBER,5 JANUARY 2025,TOTALS,Other Expenses,1093616.4
2025-04-06,SUN,30 DECEMBER - 5 JANUARY 2025,WASI,,3881.84,2025,4,April,2,14,7,30 DECEMBER,5 JANUARY 2025,WASI,Raw Materials,376286.19
2025-04-07,MON,30 DECEMBER - 5 JANUARY 2025,FUEL/TOLL,,800.0,2025,4,April,2,15,1,30 DECEMBER,5 JANUARY 2025,FUEL/TOLL,Transportation,72788.07
2025-04-07,MON,30 DECEMBER - 5 JANUARY 2025,OTHER,BACK 2 BASICS,60.0,2025,4,April,2,15,1,30 DECEMBER,5 JANUARY 2025,OTHER,Other Expenses,37751.03
2025-04-07,MON,30 DECEMBER - 5 JANUARY 2025,SHOPRITE,,449.91,2025,4,April,2,15,1,30 DECEMBER,5 JANUARY 2025,SHOPRITE,Supplies,17424.1
2025-04-07,MON,30 DECEMBER - 5 JANUARY 2025,TOTALS,,8823.39,2025,4,April,2,15,1,30 DECEMBER,5 JANUARY 2025,TOTALS,Other Expenses,1102439.79
2025-04-07,MON,30 DECEMBER - 5 JANUARY 2025,WASI,,7033.48,2025,4,April,2,15,1,30 DECEMBER,5 JANUARY 2025,WASI,Raw Materials,383319.67
2025-04-08,TUES,30 DECEMBER - 5 JANUARY 2025,CAVALIERI,,548.32,2025,4,April,2,15,2,30 DECEMBER,5 JANUARY 2025,CAVALIERI,Other Expenses,7755.049999999999
2025-04-08,TUES,30 DECEMBER - 5 JANUARY 2025,CHIPKINS,,16547.13,2025,4,April,2,15,2,30 DECEMBER,5 JANUARY 2025,CHIPKINS,Raw Materials,218970.85
2025-04-08,TUES,30 DECEMBER - 5 JANUARY 2025,FUEL/TOLL,,657.89,2025,4,April,2,15,2,30 DECEMBER,5 JANUARY 2025,FUEL/TOLL,Transportation,73445.96
2025-04-08,TUES,30 DECEMBER - 5 JANUARY 2025,OTHER,PRO MATTRON,30.0,2025,4,April,2,15,2,30 DECEMBER,5 JANUARY 2025,OTHER,Other Expenses,37781.03
2025-04-08,TUES,30 DECEMBER - 5 JANUARY 2025,T/BANTU SWEETS,,75.0,2025,4,April,2,15,2,30 DECEMBER,5 JANUARY 2025,T/BANTU SWEETS,Raw Materials,1775.8
2025-04-08,TUES,30 DECEMBER - 5 JANUARY 2025,TOTALS,,26405.389999999996,2025,4,April,2,15,2,30 DECEMBER,5 JANUARY 2025,TOTALS,Other Expenses,1128845.18
2025-04-08,TUES,30 DECEMBER - 5 JANUARY 2025,WASI,,7963.4,2025,4,April,2,15,2,30 DECEMBER,5 JANUARY 2025,WASI,Raw Materials,391283.07
2025-04-09,WED,30 DECEMBER - 5 JANUARY 2025,FUEL/TOLL,,800.0,2025,4,April,2,15,3,30 DECEMBER,5 JANUARY 2025,FUEL/TOLL,Transportation,74245.96
2025-04-09,WED,30 DECEMBER - 5 JANUARY 2025,TOTALS,,800.0,2025,4,April,2,15,3,30 DECEMBER,5 JANUARY 2025,TOTALS,Other Expenses,1129645.18
2025-04-10,THU,30 DECEMBER - 5 JANUARY 2025,CHIPKINS,,3312.0,2025,4,April,2,15,4,30 DECEMBER,5 JANUARY 2025,CHIPKINS,Raw Materials,222282.85
2025-04-10,THU,30 DECEMBER - 5 JANUARY 2025,ELECTRICITY,,1500.0,2025,4,April,2,15,4,30 DECEMBER,5 JANUARY 2025,ELECTRICITY,Utilities,26502.44
2025-04-10,THU,30 DECEMBER - 5 JANUARY 2025,FUEL/TOLL,,800.0,2025,4,April,2,15,4,30 DECEMBER,5 JANUARY 2025,FUEL/TOLL,Transportation,75045.96
2025-04-10,THU,30 DECEMBER - 5 JANUARY 2025,OTHER,AE BARB CS,49.0,2025,4,April,2,15,4,30 DECEMBER,5 JANUARY 2025,OTHER,Other Expenses,37830.03
2025-04-10,THU,30 DECEMBER - 5 JANUARY 2025,SHOPRITE,,349.93,2025,4,April,2,15,4,30 DECEMBER,5 JANUARY 2025,SHOPRITE,Supplies,17774.03
2025-04-10,THU,30 DECEMBER - 5 JANUARY 2025,SPICE AND PACK,,7157.54,2025,4,April,2,15,4,30 DECEMBER,5 JANUARY 2025,SPICE AND PACK,Other Expenses,70346.09
2025-04-10,THU,30 DECEMBER - 5 JANUARY 2025,TOTALS,,20637.15,2025,4,April,2,15,4,30 DECEMBER,5 JANUARY 2025,TOTALS,Other Expenses,1150282.33
2025-04-10,THU,30 DECEMBER - 5 JANUARY 2025,WASI,,6497.56,2025,4,April,2,15,4,30 DECEMBER,5 JANUARY 2025,WASI,Raw Materials,397780.63
2025-04-11,FRI,30 DECEMBER - 5 JANUARY 2025,FUEL/TOLL,,800.0,2025,4,April,2,15,5,30 DECEMBER,5 JANUARY 2025,FUEL/TOLL,Transportation,75845.96
2025-04-11,FRI,30 DECEMBER - 5 JANUARY 2025,TOTALS,,15620.0,2025,4,April,2,15,5,30 DECEMBER,5 JANUARY 2025,TOTALS,Other Expenses,1165902.33
2025-04-11,FRI,30 DECEMBER - 5 JANUARY 2025,WAGES,,14820.0,2025,4,April,2,15,5,30 DECEMBER,5 JANUARY 2025,WAGES,Labor,204795.0
2025-04-12,SAT,30 DECEMBER - 5 JANUARY 2025,OTHER,,194.97,2025,4,April,2,15,6,30 DECEMBER,5 JANUARY 2025,OTHER,Other Expenses,38025.0
2025-04-12,SAT,30 DECEMBER - 5 JANUARY 2025,TOTALS,,6942.5,2025,4,April,2,15,6,30 DECEMBER,5 JANUARY 2025,TOTALS,Other Expenses,1172844.83
2025-04-12,SAT,30 DECEMBER - 5 JANUARY 2025,WASI,,6747.53,2025,4,April,2,15,6,30 DECEMBER,5 JANUARY 2025,WASI,Raw Materials,404528.16
2025-04-13,SUN,30 DECEMBER - 5 JANUARY 2025,OTHER,BACK 2 BASICS,79.5,2025,4,April,2,15,7,30 DECEMBER,5 JANUARY 2025,OTHER,Other Expenses,38104.5
2025-04-13,SUN,30 DECEMBER - 5 JANUARY 2025,T/BANTU SWEETS,,181.0,2025,4,April,2,15,7,30 DECEMBER,5 JANUARY 2025,T/BANTU SWEETS,Raw Materials,1956.8
2025-04-13,SUN,30 DECEMBER - 5 JANUARY 2025,TOTALS,,260.5,2025,4,April,2,15,7,30 DECEMBER,5 JANUARY 2025,TOTALS,Other Expenses,1173105.33
2025-04-14,MON,30 DECEMBER - 5 JANUARY 2025,CAVALIERI,,548.32,2025,4,April,2,16,1,30 DECEMBER,5 JANUARY 2025,CAVALIERI,Other Expenses,8303.369999999999
2025-04-14,MON,30 DECEMBER - 5 JANUARY 2025,CHIPKINS,,33752.5,2025,4,April,2,16,1,30 DECEMBER,5 JANUARY 2025,CHIPKINS,Raw Materials,256035.35
2025-04-14,MON,30 DECEMBER - 5 JANUARY 2025,FUEL/TOLL,,1313.85,2025,4,April,2,16,1,30 DECEMBER,5 JANUARY 2025,FUEL/TOLL,Transportation,77159.81
2025-04-14,MON,30 DECEMBER - 5 JANUARY 2025,MAKRO,,1005.0,2025,4,April,2,16,1,30 DECEMBER,5 JANUARY 2025,MAKRO,Supplies,14264.0
2025-04-14,MON,30 DECEMBER - 5 JANUARY 2025,OTHER,PLAASKOMBUIS,130.0,2025,4,April,2,16,1,30 DECEMBER,5 JANUARY 2025,OTHER,Other Expenses,38234.5
2025-04-14,MON,30 DECEMBER - 5 JANUARY 2025,SHOPRITE,,479.85,2025,4,April,2,16,1,30 DECEMBER,5 JANUARY 2025,SHOPRITE,Supplies,18253.88
2025-04-14,MON,30 DECEMBER - 5 JANUARY 2025,T/BANTU SWEETS,,90.0,2025,4,April,2,16,1,30 DECEMBER,5 JANUARY 2025,T/BANTU SWEETS,Raw Materials,2046.8
2025-04-14,MON,30 DECEMBER - 5 JANUARY 2025,TOTALS,,46799.88999999999,2025,4,April,2,16,1,30 DECEMBER,5 JANUARY 2025,TOTALS,Other Expenses,1219905.22
2025-04-14,MON,30 DECEMBER - 5 JANUARY 2025,WASI,,7867.38,2025,4,April,2,16,1,30 DECEMBER,5 JANUARY 2025,WASI,Raw Materials,412395.54
2025-04-15,TUES,30 DECEMBER - 5 JANUARY 2025,FUEL/TOLL,,962.0,2025,4,April,2,16,2,30 DECEMBER,5 JANUARY 2025,FUEL/TOLL,Transportation,78121.81
2025-04-15,TUES,30 DECEMBER - 5 JANUARY 2025,OTHER,CARZY STORE,119.98,2025,4,April,2,16,2,30 DECEMBER,5 JANUARY 2025,OTHER,Other Expenses,38354.48
2025-04-15,TUES,30 DECEMBER - 5 JANUARY 2025,SHOPRITE,,449.91,2025,4,April,2,16,2,30 DECEMBER,5 JANUARY 2025,SHOPRITE,Supplies,18703.79
2025-04-15,TUES,30 DECEMBER - 5 JANUARY 2025,T/BANTU SWEETS,,16.9,2025,4,April,2,16,2,30 DECEMBER,5 JANUARY 2025,T/BANTU SWEETS,Raw Materials,2063.7
2025-04-15,TUES,30 DECEMBER - 5 JANUARY 2025,TOTALS,,11092.039999999999,2025,4,April,2,16,2,30 DECEMBER,5 JANUARY 2025,TOTALS,Other Expenses,1230997.26
2025-04-15,TUES,30 DECEMBER - 5 JANUARY 2025,WASI,,9543.25,2025,4,April,2,16,2,30 DECEMBER,5 JANUARY 2025,WASI,Raw Materials,421938.79
2025-04-16,WED,30 DECEMBER - 5 JANUARY 2025,ELECTRICITY,,1500.0,2025,4,April,2,16,3,30 DECEMBER,5 JANUARY 2025,ELECTRICITY,Utilities,28002.44
2025-04-16,WED,30 DECEMBER - 5 JANUARY 2025,FUEL/TOLL,,800.0,2025,4,April,2,16,3,30 DECEMBER,5 JANUARY 2025,FUEL/TOLL,Transportation,78921.81
2025-04-16,WED,30 DECEMBER - 5 JANUARY 2025,OTHER,AUTOZONE,2640.0,2025,4,April,2,16,3,30 DECEMBER,5 JANUARY 2025,OTHER,Other Expenses,40994.479999999996
2025-04-16,WED,30 DECEMBER - 5 JANUARY 2025,SHOPRITE,,749.85,2025,4,April,2,16,3,30 DECEMBER,5 JANUARY 2025,SHOPRITE,Supplies,19453.64
2025-04-16,WED,30 DECEMBER - 5 JANUARY 2025,T/BANTU SWEETS,,180.0,2025,4,April,2,16,3,30 DECEMBER,5 JANUARY 2025,T/BANTU SWEETS,Raw Materials,2243.7
2025-04-16,WED,30 DECEMBER - 5 JANUARY 2025,TOTALS,,19836.079999999998,2025,4,April,2,16,3,30 DECEMBER,5 JANUARY 2025,TOTALS,Other Expenses,1250833.34
2025-04-16,WED,30 DECEMBER - 5 JANUARY 2025,WASI,,13966.23,2025,4,April,2,16,3,30 DECEMBER,5 JANUARY 2025,WASI,Raw Materials,435905.02
2025-04-17,THU,30 DECEMBER - 5 JANUARY 2025,FUEL/TOLL,,2881.19,2025,4,April,2,16,4,30 DECEMBER,5 JANUARY 2025,FUEL/TOLL,Transportation,81803.0
2025-04-17,THU,30 DECEMBER - 5 JANUARY 2025,SHOPRITE,,371.93,2025,4,April,2,16,4,30 DECEMBER,5 JANUARY 2025,SHOPRITE,Supplies,19825.57
2025-04-17,THU,30 DECEMBER - 5 JANUARY 2025,SPICE AND PACK,,7157.54,2025,4,April,2,16,4,30 DECEMBER,5 JANUARY 2025,SPICE AND PACK,Other Expenses,77503.63
2025-04-17,THU,30 DECEMBER - 5 JANUARY 2025,TOTALS,,17204.31,2025,4,April,2,16,4,30 DECEMBER,5 JANUARY 2025,TOTALS,Other Expenses,1268037.65
2025-04-17,THU,30 DECEMBER - 5 JANUARY 2025,WASI,,6793.65,2025,4,April,2,16,4,30 DECEMBER,5 JANUARY 2025,WASI,Raw Materials,442698.67
2025-04-18,FRI,30 DECEMBER - 5 JANUARY 2025,FUEL/TOLL,,600.0,2025,4,April,2,16,5,30 DECEMBER,5 JANUARY 2025,FUEL/TOLL,Transportation,82403.0
2025-04-18,FRI,30 DECEMBER - 5 JANUARY 2025,OTHER,BACK 2 BASICS,90.0,2025,4,April,2,16,5,30 DECEMBER,5 JANUARY 2025,OTHER,Other Expenses,41084.479999999996
2025-04-18,FRI,30 DECEMBER - 5 JANUARY 2025,SHOPRITE,,349.93,2025,4,April,2,16,5,30 DECEMBER,5 JANUARY 2025,SHOPRITE,Supplies,20175.5
2025-04-18,FRI,30 DECEMBER - 5 JANUARY 2025,TOTALS,,8463.51,2025,4,April,2,16,5,30 DECEMBER,5 JANUARY 2025,TOTALS,Other Expenses,1276501.16
2025-04-18,FRI,30 DECEMBER - 5 JANUARY 2025,WASI,,7423.58,2025,4,April,2,16,5,30 DECEMBER,5 JANUARY 2025,WASI,Raw Materials,450122.25
2025-04-21,MON,30 DECEMBER - 5 JANUARY 2025,FUEL/TOLL,,850.0,2025,4,April,2,17,1,30 DECEMBER,5 JANUARY 2025,FUEL/TOLL,Transportation,83253.0
2025-04-21,MON,30 DECEMBER - 5 JANUARY 2025,SHOPRITE,,119.94,2025,4,April,2,17,1,30 DECEMBER,5 JANUARY 2025,SHOPRITE,Supplies,20295.44
2025-04-21,MON,30 DECEMBER - 5 JANUARY 2025,TOTALS,,7384.62,2025,4,April,2,17,1,30 DECEMBER,5 JANUARY 2025,TOTALS,Other Expenses,1283885.78
2025-04-21,MON,30 DECEMBER - 5 JANUARY 2025,WASI,,6414.68,2025,4,April,2,17,1,30 DECEMBER,5 JANUARY 2025,WASI,Raw Materials,456536.93
2025-04-22,TUES,30 DECEMBER - 5 JANUARY 2025,FUEL/TOLL,,2072.0,2025,4,April,2,17,2,30 DECEMBER,5 JANUARY 2025,FUEL/TOLL,Transportation,85325.0
2025-04-22,TUES,30 DECEMBER - 5 JANUARY 2025,MAKRO,,5733.9,2025,4,April,2,17,2,30 DECEMBER,5 JANUARY 2025,MAKRO,Supplies,19997.9
2025-04-22,TUES,30 DECEMBER - 5 JANUARY 2025,OTHER,AE BARB,128.0,2025,4,April,2,17,2,30 DECEMBER,5 JANUARY 2025,OTHER,Other Expenses,41212.479999999996
2025-04-22,TUES,30 DECEMBER - 5 JANUARY 2025,SHOPRITE,,599.9,2025,4,April,2,17,2,30 DECEMBER,5 JANUARY 2025,SHOPRITE,Supplies,20895.34
2025-04-22,TUES,30 DECEMBER - 5 JANUARY 2025,TOTALS,,38188.24,2025,4,April,2,17,2,30 DECEMBER,5 JANUARY 2025,TOTALS,Other Expenses,1322074.02
2025-04-22,TUES,30 DECEMBER - 5 JANUARY 2025,WAGES,,21565.0,2025,4,April,2,17,2,30 DECEMBER,5 JANUARY 2025,WAGES,Labor,226360.0
2025-04-22,TUES,30 DECEMBER - 5 JANUARY 2025,WASI,,7924.45,2025,4,April,2,17,2,30 DECEMBER,5 JANUARY 2025,WASI,Raw Materials,464461.38
2025-04-23,WED,30 DECEMBER - 5 JANUARY 2025,FUEL/TOLL,,800.0,2025,4,April,2,17,3,30 DECEMBER,5 JANUARY 2025,FUEL/TOLL,Transportation,86125.0
2025-04-23,WED,30 DECEMBER - 5 JANUARY 2025,TOTALS,,800.0,2025,4,April,2,17,3,30 DECEMBER,5 JANUARY 2025,TOTALS,Other Expenses,1322874.02
2025-04-24,THU,30 DECEMBER - 5 JANUARY 2025,FUEL/TOLL,,800.0,2025,4,April,2,17,4,30 DECEMBER,5 JANUARY 2025,FUEL/TOLL,Transportation,86925.0
2025-04-24,THU,30 DECEMBER - 5 JANUARY 2025,OTHER,SOAP CENTRE,370.0,2025,4,April,2,17,4,30 DECEMBER,5 JANUARY 2025,OTHER,Other Expenses,41582.479999999996
2025-04-24,THU,30 DECEMBER - 5 JANUARY 2025,SHOPRITE,,609.1700000000001,2025,4,April,2,17,4,30 DECEMBER,5 JANUARY 2025,SHOPRITE,Supplies,21504.510000000002
2025-04-24,THU,30 DECEMBER - 5 JANUARY 2025,SPICE AND PACK,,7157.54,2025,4,April,2,17,4,30 DECEMBER,5 JANUARY 2025,SPICE AND PACK,Other Expenses,84661.17
2025-04-24,THU,30 DECEMBER - 5 JANUARY 2025,TOTALS,,16538.32,2025,4,April,2,17,4,30 DECEMBER,5 JANUARY 2025,TOTALS,Other Expenses,1339412.34
2025-04-24,THU,30 DECEMBER - 5 JANUARY 2025,WASI,,7601.61,2025,4,April,2,17,4,30 DECEMBER,5 JANUARY 2025,WASI,Raw Materials,472062.99
2025-04-25,FRI,30 DECEMBER - 5 JANUARY 2025,FUEL/TOLL,,806.95,2025,4,April,2,17,5,30 DECEMBER,5 JANUARY 2025,FUEL/TOLL,Transportation,87731.95
2025-04-25,FRI,30 DECEMBER - 5 JANUARY 2025,TOTALS,,806.95,2025,4,April,2,17,5,30 DECEMBER,5 JANUARY 2025,TOTALS,Other Expenses,1340219.29
2025-04-26,SAT,30 DECEMBER - 5 JANUARY 2025,ELECTRICITY,,1500.0,2025,4,April,2,17,6,30 DECEMBER,5 JANUARY 2025,ELECTRICITY,Utilities,29502.44
2025-04-26,SAT,30 DECEMBER - 5 JANUARY 2025,OTHER,FAMILY STORE,145.0,2025,4,April,2,17,6,30 DECEMBER,5 JANUARY 2025,OTHER,Other Expenses,41727.479999999996
2025-04-26,SAT,30 DECEMBER - 5 JANUARY 2025,SHOPRITE,,461.19,2025,4,April,2,17,6,30 DECEMBER,5 JANUARY 2025,SHOPRITE,Supplies,21965.7
2025-04-26,SAT,30 DECEMBER - 5 JANUARY 2025,TOTALS,,31109.609999999997,2025,4,April,2,17,6,30 DECEMBER,5 JANUARY 2025,TOTALS,Other Expenses,1371328.9
2025-04-26,SAT,30 DECEMBER - 5 JANUARY 2025,WAGES,,21670.0,2025,4,April,2,17,6,30 DECEMBER,5 JANUARY 2025,WAGES,Labor,248030.0
2025-04-26,SAT,30 DECEMBER - 5 JANUARY 2025,WASI,,7333.42,2025,4,April,2,17,6,30 DECEMBER,5 JANUARY 2025,WASI,Raw Materials,479396.41
2025-04-28,MON,30 DECEMBER - 5 JANUARY 2025,FUEL/TOLL,,673.0,2025,4,April,2,18,1,30 DECEMBER,5 JANUARY 2025,FUEL/TOLL,Transportation,88404.95
2025-04-28,MON,30 DECEMBER - 5 JANUARY 2025,OTHER,FAMILY STORE,106.99,2025,4,April,2,18,1,30 DECEMBER,5 JANUARY 2025,OTHER,Other Expenses,41834.47
2025-04-28,MON,30 DECEMBER - 5 JANUARY 2025,SHOPRITE,,1488.55,2025,4,April,2,18,1,30 DECEMBER,5 JANUARY 2025,SHOPRITE,Supplies,23454.25
2025-04-28,MON,30 DECEMBER - 5 JANUARY 2025,TOTALS,,10279.14,2025,4,April,2,18,1,30 DECEMBER,5 JANUARY 2025,TOTALS,Other Expenses,1381608.04
2025-04-28,MON,30 DECEMBER - 5 JANUARY 2025,WASI,,7530.6,2025,4,April,2,18,1,30 DECEMBER,5 JANUARY 2025,WASI,Raw Materials,486927.01
2025-04-29,TUES,30 DECEMBER - 5 JANUARY 2025,CHIPKINS,,20531.88,2025,4,April,2,18,2,30 DECEMBER,5 JANUARY 2025,CHIPKINS,Raw Materials,276567.23
2025-04-29,TUES,30 DECEMBER - 5 JANUARY 2025,FUEL/TOLL,,754.8,2025,4,April,2,18,2,30 DECEMBER,5 JANUARY 2025,FUEL/TOLL,Transportation,89159.75
2025-04-29,TUES,30 DECEMBER - 5 JANUARY 2025,OTHER,AE BARB CS,190.98,2025,4,April,2,18,2,30 DECEMBER,5 JANUARY 2025,OTHER,Other Expenses,42025.45
2025-04-29,TUES,30 DECEMBER - 5 JANUARY 2025,TOTALS,,29397.25,2025,4,April,2,18,2,30 DECEMBER,5 JANUARY 2025,TOTALS,Other Expenses,1411005.29
2025-04-29,TUES,30 DECEMBER - 5 JANUARY 2025,WASI,,7367.59,2025,4,April,2,18,2,30 DECEMBER,5 JANUARY 2025,WASI,Raw Materials,494294.6
2025-04-30,WED,30 DECEMBER - 5 JANUARY 2025,FUEL/TOLL,,800.0,2025,4,April,2,18,3,30 DECEMBER,5 JANUARY 2025,FUEL/TOLL,Transportation,89959.75
2025-04-30,WED,30 DECEMBER - 5 JANUARY 2025,TOTALS,,800.0,2025,4,April,2,18,3,30 DECEMBER,5 JANUARY 2025,TOTALS,Other Expenses,1411805.29
2025-05-01,THU,30 DECEMBER - 5 JANUARY 2025,FUEL/TOLL,,2153.35,2025,5,May,2,18,4,30 DECEMBER,5 JANUARY 2025,FUEL/TOLL,Transportation,92113.1
2025-05-01,THU,30 DECEMBER - 5 JANUARY 2025,SHOPRITE,,538.89,2025,5,May,2,18,4,30 DECEMBER,5 JANUARY 2025,SHOPRITE,Supplies,23993.14
2025-05-01,THU,30 DECEMBER - 5 JANUARY 2025,SPICE AND PACK,,7157.54,2025,5,May,2,18,4,30 DECEMBER,5 JANUARY 2025,SPICE AND PACK,Other Expenses,91818.70999999999
2025-05-01,THU,30 DECEMBER - 5 JANUARY 2025,TOTALS,,19634.23,2025,5,May,2,18,4,30 DECEMBER,5 JANUARY 2025,TOTALS,Other Expenses,1431439.52
2025-05-01,THU,30 DECEMBER - 5 JANUARY 2025,WASI,,9784.45,2025,5,May,2,18,4,30 DECEMBER,5 JANUARY 2025,WASI,Raw Materials,504079.05
2025-05-02,FRI,30 DECEMBER - 5 JANUARY 2025,ELECTRICITY,,1500.0,2025,5,May,2,18,5,30 DECEMBER,5 JANUARY 2025,ELECTRICITY,Utilities,31002.44
2025-05-02,FRI,30 DECEMBER - 5 JANUARY 2025,FUEL/TOLL,,800.0,2025,5,May,2,18,5,30 DECEMBER,5 JANUARY 2025,FUEL/TOLL,Transportation,92913.1
2025-05-02,FRI,30 DECEMBER - 5 JANUARY 2025,SHOPRITE,,274.95,2025,5,May,2,18,5,30 DECEMBER,5 JANUARY 2025,SHOPRITE,Supplies,24268.09
2025-05-02,FRI,30 DECEMBER - 5 JANUARY 2025,T/BANTU SWEETS,,180.0,2025,5,May,2,18,5,30 DECEMBER,5 JANUARY 2025,T/BANTU SWEETS,Raw Materials,2423.7
2025-05-02,FRI,30 DECEMBER - 5 JANUARY 2025,TOTALS,,9294.470000000001,2025,5,May,2,18,5,30 DECEMBER,5 JANUARY 2025,TOTALS,Other Expenses,1440733.99
2025-05-02,FRI,30 DECEMBER - 5 JANUARY 2025,WASI,,6539.52,2025,5,May,2,18,5,30 DECEMBER,5 JANUARY 2025,WASI,Raw Materials,510618.57
2025-05-03,SAT,30 DECEMBER - 5 JANUARY 2025,TOTALS,,26579.44,2025,5,May,2,18,6,30 DECEMBER,5 JANUARY 2025,TOTALS,Other Expenses,1467313.43
2025-05-03,SAT,30 DECEMBER - 5 JANUARY 2025,WAGES,,19450.0,2025,5,May,2,18,6,30 DECEMBER,5 JANUARY 2025,WAGES,Labor,267480.0
2025-05-03,SAT,30 DECEMBER - 5 JANUARY 2025,WASI,,7129.44,2025,5,May,2,18,6,30 DECEMBER,5 JANUARY 2025,WASI,Raw Materials,517748.01
2025-05-04,SUN,30 DECEMBER - 5 JANUARY 2025,OTHER,CRAZY STORE,54.99,2025,5,May,2,18,7,30 DECEMBER,5 JANUARY 2025,OTHER,Other Expenses,42080.44
2025-05-04,SUN,30 DECEMBER - 5 JANUARY 2025,TOTALS,,54.99,2025,5,May,2,18,7,30 DECEMBER,5 JANUARY 2025,TOTALS,Other Expenses,1467368.42
2025-05-05,MON,30 DECEMBER - 5 JANUARY 2025,FUEL/TOLL,,1431.25,2025,5,May,2,19,1,30 DECEMBER,5 JANUARY 2025,FUEL/TOLL,Transportation,94344.35
2025-05-05,MON,30 DECEMBER - 5 JANUARY 2025,OTHER,BACK 2 BASICS,357.0,2025,5,May,2,19,1,30 DECEMBER,5 JANUARY 2025,OTHER,Other Expenses,42437.44
2025-05-05,MON,30 DECEMBER - 5 JANUARY 2025,SHOPRITE,,599.9,2025,5,May,2,19,1,30 DECEMBER,5 JANUARY 2025,SHOPRITE,Supplies,24867.99
2025-05-05,MON,30 DECEMBER - 5 JANUARY 2025,TOTALS,,13380.48,2025,5,May,2,19,1,30 DECEMBER,5 JANUARY 2025,TOTALS,Other Expenses,1480748.9
2025-05-05,MON,30 DECEMBER - 5 JANUARY 2025,WASI,,10492.33,2025,5,May,2,19,1,30 DECEMBER,5 JANUARY 2025,WASI,Raw Materials,528240.34
2025-05-06,TUES,30 DECEMBER - 5 JANUARY 2025,FUEL/TOLL,,1523.2,2025,5,May,2,19,2,30 DECEMBER,5 JANUARY 2025,FUEL/TOLL,Transportation,95867.55
2025-05-06,TUES,30 DECEMBER - 5 JANUARY 2025,TOTALS,,5470.97,2025,5,May,2,19,2,30 DECEMBER,5 JANUARY 2025,TOTALS,Other Expenses,1486219.8699999999
2025-05-06,TUES,30 DECEMBER - 5 JANUARY 2025,WASI,,3947.77,2025,5,May,2,19,2,30 DECEMBER,5 JANUARY 2025,WASI,Raw Materials,532188.11
2025-05-07,WED,30 DECEMBER - 5 JANUARY 2025,FUEL/TOLL,,800.08,2025,5,May,2,19,3,30 DECEMBER,5 JANUARY 2025,FUEL/TOLL,Transportation,96667.63
2025-05-07,WED,30 DECEMBER - 5 JANUARY 2025,TOTALS,,800.08,2025,5,May,2,19,3,30 DECEMBER,5 JANUARY 2025,TOTALS,Other Expenses,1487019.95
2025-05-08,THU,30 DECEMBER - 5 JANUARY 2025,ELECTRICITY,,700.0,2025,5,May,2,19,4,30 DECEMBER,5 JANUARY 2025,ELECTRICITY,Utilities,31702.44
2025-05-08,THU,30 DECEMBER - 5 JANUARY 2025,FUEL/TOLL,,500.0,2025,5,May,2,19,4,30 DECEMBER,5 JANUARY 2025,FUEL/TOLL,Transportation,97167.63
2025-05-08,THU,30 DECEMBER - 5 JANUARY 2025,SHOPRITE,,667.86,2025,5,May,2,19,4,30 DECEMBER,5 JANUARY 2025,SHOPRITE,Supplies,25535.85
2025-05-08,THU,30 DECEMBER - 5 JANUARY 2025,TOTALS,,8387.48,2025,5,May,2,19,4,30 DECEMBER,5 JANUARY 2025,TOTALS,Other Expenses,1495407.43
2025-05-08,THU,30 DECEMBER - 5 JANUARY 2025,WASI,,6519.62,2025,5,May,2,19,4,30 DECEMBER,5 JANUARY 2025,WASI,Raw Materials,538707.73
