Date,Category,Amount,Source,Year,Month,Month Name,Quarter,Week Number,Day of Week,Day Name,Category_Clean,Category Group,Running Total
2024-12-31,BACK 2 BASICS,252.0,EXPENSE DAILY,2024,12,December,4,1,2,TUE,BACK 2 BASICS,Other Expenses,252.0
2024-12-31,BAKERSBIN,3176.0,EXPENSE DAILY,2024,12,December,4,1,2,TUE,BAKERSBIN,Raw Materials,3176.0
2024-12-31,DIESEL,744.67,EXPENSE DAILY,2024,12,December,4,1,2,TUE,DIESEL,Other Expenses,744.67
2024-12-31,DIESEL,1000.0,EXPENSE DAILY,2024,12,December,4,1,2,TUE,DIESEL,Other Expenses,1744.67
2024-12-31,HEIDEL EGGS,6000.0,EXPENSE DAILY,2024,12,December,4,1,2,TUE,HEIDEL EGGS,Other Expenses,6000.0
2024-12-31,PNP,990.23,EXPENSE DAILY,2024,12,December,4,1,2,TUE,PNP,Other Expenses,990.23
2024-12-31,SHOPRITE,286.9,EXPENSE DAILY,2024,12,December,4,1,2,TUE,SHOPRITE,Supplies,286.9
2024-12-31,SOAP CENTRE,570.0,EXPENSE DAILY,2024,12,December,4,1,2,TUE,SOAP CENTRE,Other Expenses,570.0
2024-12-31,TBANTU,90.0,EXPENSE DAILY,2024,12,December,4,1,2,TUE,TBANTU,Other Expenses,90.0
2024-12-31,TOLL GATE,79.0,EXPENSE DAILY,2024,12,December,4,1,2,TUE,TOLL GATE,Transportation,79.0
2024-12-31,TOLL GATE,79.0,EXPENSE DAILY,2024,12,December,4,1,2,TUE,TOLL GATE,Transportation,158.0
2024-12-31,WASI,5765.73,EXPENSE DAILY,2024,12,December,4,1,2,TUE,WASI,Raw Materials,5765.73
2025-01-01,DIESEL,300.0,EXPENSE DAILY,2025,1,January,1,1,3,WED,DIESEL,Other Expenses,2044.67
2025-01-01,DIESEL,800.0,EXPENSE DAILY,2025,1,January,1,1,3,WED,DIESEL,Other Expenses,2844.67
2025-01-02,DIESEL,300.0,EXPENSE DAILY,2025,1,January,1,1,4,THU,DIESEL,Other Expenses,3144.67
2025-01-02,PNP,131.98,EXPENSE DAILY,2025,1,January,1,1,4,THU,PNP,Other Expenses,1122.21
2025-01-02,WASI,6147.5,EXPENSE DAILY,2025,1,January,1,1,4,THU,WASI,Raw Materials,11913.23
2025-01-02,WASI,7587.25,EXPENSE DAILY,2025,1,January,1,1,4,THU,WASI,Raw Materials,19500.48
2025-01-03,DIESEL,704.64,EXPENSE DAILY,2025,1,January,1,1,5,FRI,DIESEL,Other Expenses,3849.31
2025-01-03,SHOPRITE,469.89,EXPENSE DAILY,2025,1,January,1,1,5,FRI,SHOPRITE,Supplies,756.79
2025-01-04,DIESEL,750.0,EXPENSE DAILY,2025,1,January,1,1,6,SAT,DIESEL,Other Expenses,4599.3099999999995
2025-01-04,ELECTRICITY,1500.0,EXPENSE DAILY,2025,1,January,1,1,6,SAT,ELECTRICITY,Utilities,1500.0
2025-01-04,SHOPRITE,209.93,EXPENSE DAILY,2025,1,January,1,1,6,SAT,SHOPRITE,Supplies,966.72
2025-01-04,WAGES,18010.0,EXPENSE DAILY,2025,1,January,1,1,6,SAT,WAGES,Labor,18010.0
2025-01-04,WASI,5716.55,EXPENSE DAILY,2025,1,January,1,1,6,SAT,WASI,Raw Materials,25217.03
2025-01-05,AE BARB CS,189.17,EXPENSE DAILY,2025,1,January,1,1,7,SUN,AE BARB CS,Other Expenses,189.17
2025-01-05,PNP,178.98,EXPENSE DAILY,2025,1,January,1,1,7,SUN,PNP,Other Expenses,1301.19
2025-01-05,WAS STORE,40.0,EXPENSE DAILY,2025,1,January,1,1,7,SUN,WAS STORE,Other Expenses,40.0
2025-01-06,CAVALIERI,575.0,EXPENSE DAILY,2025,1,January,1,2,1,MON,CAVALIERI,Other Expenses,575.0
2025-01-06,DIESEL,575.18,EXPENSE DAILY,2025,1,January,1,2,1,MON,DIESEL,Other Expenses,5174.49
2025-01-06,FAMILY STORE,289.0,EXPENSE DAILY,2025,1,January,1,2,1,MON,FAMILY STORE,Other Expenses,289.0
2025-01-06,HYPER SWEETS,2472.0,EXPENSE DAILY,2025,1,January,1,2,1,MON,HYPER SWEETS,Raw Materials,2472.0
2025-01-06,MAKRO,1733.8,EXPENSE DAILY,2025,1,January,1,2,1,MON,MAKRO,Supplies,1733.8
2025-01-06,SHOPRITE,299.9,EXPENSE DAILY,2025,1,January,1,2,1,MON,SHOPRITE,Supplies,1266.62
2025-01-06,SOAP CENTRE,570.0,EXPENSE DAILY,2025,1,January,1,2,1,MON,SOAP CENTRE,Other Expenses,1140.0
2025-01-06,WAGES,12725.0,EXPENSE DAILY,2025,1,January,1,2,1,MON,WAGES,Labor,30735.0
2025-01-06,WASI,6021.55,EXPENSE DAILY,2025,1,January,1,2,1,MON,WASI,Raw Materials,31238.58
2025-01-07,AE BARB CS,258.35,EXPENSE DAILY,2025,1,January,1,2,2,TUE,AE BARB CS,Other Expenses,447.52
2025-01-07,AE CAROLINA,51.0,EXPENSE DAILY,2025,1,January,1,2,2,TUE,AE CAROLINA,Other Expenses,51.0
2025-01-07,AE CAROLINA,114.99,EXPENSE DAILY,2025,1,January,1,2,2,TUE,AE CAROLINA,Other Expenses,165.99
2025-01-07,CHIPKINS,28014.0,EXPENSE DAILY,2025,1,January,1,2,2,TUE,CHIPKINS,Raw Materials,28014.0
2025-01-07,DIESEL,804.52,EXPENSE DAILY,2025,1,January,1,2,2,TUE,DIESEL,Other Expenses,5979.01
2025-01-07,DIESEL,400.0,EXPENSE DAILY,2025,1,January,1,2,2,TUE,DIESEL,Other Expenses,6379.01
2025-01-07,DIESL/PETROL,1500.0,EXPENSE DAILY,2025,1,January,1,2,2,TUE,DIESL/PETROL,Other Expenses,1500.0
2025-01-07,HEIDEL EGGS,6000.0,EXPENSE DAILY,2025,1,January,1,2,2,TUE,HEIDEL EGGS,Other Expenses,12000.0
2025-01-07,PROBUILD,86.96,EXPENSE DAILY,2025,1,January,1,2,2,TUE,PROBUILD,Other Expenses,86.96
2025-01-07,TOLL GATE,79.0,EXPENSE DAILY,2025,1,January,1,2,2,TUE,TOLL GATE,Transportation,237.0
2025-01-07,TOLL GATE,79.0,EXPENSE DAILY,2025,1,January,1,2,2,TUE,TOLL GATE,Transportation,316.0
2025-01-07,WASI,7522.57,EXPENSE DAILY,2025,1,January,1,2,2,TUE,WASI,Raw Materials,38761.15
2025-01-08,DIESEL,800.0,EXPENSE DAILY,2025,1,January,1,2,3,WED,DIESEL,Other Expenses,7179.01
2025-01-09,ACE,7587.25,EXPENSE DAILY,2025,1,January,1,2,4,THU,ACE,Other Expenses,7587.25
2025-01-09,DIESEL,999.22,EXPENSE DAILY,2025,1,January,1,2,4,THU,DIESEL,Other Expenses,8178.23
2025-01-09,HOME & PARTY STORE,25.0,EXPENSE DAILY,2025,1,January,1,2,4,THU,HOME & PARTY STORE,Other Expenses,25.0
2025-01-09,PNP,27.99,EXPENSE DAILY,2025,1,January,1,2,4,THU,PNP,Other Expenses,1329.18
2025-01-09,PNP,94.99,EXPENSE DAILY,2025,1,January,1,2,4,THU,PNP,Other Expenses,1424.17
2025-01-09,POINT S,4241.0,EXPENSE DAILY,2025,1,January,1,2,4,THU,POINT S,Other Expenses,4241.0
2025-01-09,SHOPRITE,299.9,EXPENSE DAILY,2025,1,January,1,2,4,THU,SHOPRITE,Supplies,1566.52
2025-01-09,TOLL GATE,79.0,EXPENSE DAILY,2025,1,January,1,2,4,THU,TOLL GATE,Transportation,395.0
2025-01-09,TOLL GATE,79.0,EXPENSE DAILY,2025,1,January,1,2,4,THU,TOLL GATE,Transportation,474.0
2025-01-09,WASI,6691.45,EXPENSE DAILY,2025,1,January,1,2,4,THU,WASI,Raw Materials,45452.6
2025-01-10,DIESEL,804.72,EXPENSE DAILY,2025,1,January,1,2,5,FRI,DIESEL,Other Expenses,8982.95
2025-01-11,DIESEL,728.14,EXPENSE DAILY,2025,1,January,1,2,6,SAT,DIESEL,Other Expenses,9711.09
2025-01-11,DUNLOP,2650.0,EXPENSE DAILY,2025,1,January,1,2,6,SAT,DUNLOP,Other Expenses,2650.0
2025-01-11,WAGES,6700.0,EXPENSE DAILY,2025,1,January,1,2,6,SAT,WAGES,Labor,37435.0
2025-01-12,AE BARB/ELECTRICITY,1633.0,EXPENSE DAILY,2025,1,January,1,2,7,SUN,AE BARB/ELECTRICITY,Utilities,1633.0
2025-01-12,SHOPRITE,494.83,EXPENSE DAILY,2025,1,January,1,2,7,SUN,SHOPRITE,Supplies,2061.35
2025-01-12,WASI,19.99,EXPENSE DAILY,2025,1,January,1,2,7,SUN,WASI,Raw Materials,45472.59
2025-01-12,WASI,5010.59,EXPENSE DAILY,2025,1,January,1,2,7,SUN,WASI,Raw Materials,50483.18
2025-01-13,DIESEL,300.0,EXPENSE DAILY,2025,1,January,1,3,1,MON,DIESEL,Other Expenses,10011.09
2025-01-13,HYPER SWEETS,672.0,EXPENSE DAILY,2025,1,January,1,3,1,MON,HYPER SWEETS,Raw Materials,3144.0
2025-01-13,SHOPRITE,314.91,EXPENSE DAILY,2025,1,January,1,3,1,MON,SHOPRITE,Supplies,2376.2599999999998
2025-01-13,SOAP CENTRE,870.0,EXPENSE DAILY,2025,1,January,1,3,1,MON,SOAP CENTRE,Other Expenses,2010.0
2025-01-13,WASI,1110.0,EXPENSE DAILY,2025,1,January,1,3,1,MON,WASI,Raw Materials,51593.18
2025-01-13,WASI,5383.56,EXPENSE DAILY,2025,1,January,1,3,1,MON,WASI,Raw Materials,56976.74
2025-01-14,AFROLO,137.0,EXPENSE DAILY,2025,1,January,1,3,2,TUE,AFROLO,Other Expenses,137.0
2025-01-14,BACK2BASICS,60.0,EXPENSE DAILY,2025,1,January,1,3,2,TUE,BACK2BASICS,Other Expenses,60.0
2025-01-14,CRAZY STORE,80.94,EXPENSE DAILY,2025,1,January,1,3,2,TUE,CRAZY STORE,Other Expenses,80.94
2025-01-14,DIESEL,775.96,EXPENSE DAILY,2025,1,January,1,3,2,TUE,DIESEL,Other Expenses,10787.05
2025-01-14,HEIDEL EGGS,7800.0,EXPENSE DAILY,2025,1,January,1,3,2,TUE,HEIDEL EGGS,Other Expenses,19800.0
2025-01-14,PETROL,300.0,EXPENSE DAILY,2025,1,January,1,3,2,TUE,PETROL,Other Expenses,300.0
2025-01-14,SHOPRITE,244.93,EXPENSE DAILY,2025,1,January,1,3,2,TUE,SHOPRITE,Supplies,2621.19
2025-01-14,TOLL GATE,79.0,EXPENSE DAILY,2025,1,January,1,3,2,TUE,TOLL GATE,Transportation,553.0
2025-01-14,TOLL GATE,79.0,EXPENSE DAILY,2025,1,January,1,3,2,TUE,TOLL GATE,Transportation,632.0
2025-01-14,WAGES,11325.0,EXPENSE DAILY,2025,1,January,1,3,2,TUE,WAGES,Labor,48760.0
2025-01-14,WASI,6880.59,EXPENSE DAILY,2025,1,January,1,3,2,TUE,WASI,Raw Materials,63857.33
2025-01-15,CHIPKINS,13146.8,EXPENSE DAILY,2025,1,January,1,3,3,WED,CHIPKINS,Raw Materials,41160.8
2025-01-15,DIESEL,850.16,EXPENSE DAILY,2025,1,January,1,3,3,WED,DIESEL,Other Expenses,11637.21
2025-01-16,ACE,2529.08,EXPENSE DAILY,2025,1,January,1,3,4,THU,ACE,Other Expenses,10116.33
2025-01-16,FAMILY STORE,88.0,EXPENSE DAILY,2025,1,January,1,3,4,THU,FAMILY STORE,Other Expenses,377.0
2025-01-16,SHOPRITE,314.91,EXPENSE DAILY,2025,1,January,1,3,4,THU,SHOPRITE,Supplies,2936.1
2025-01-16,WASI,5978.5,EXPENSE DAILY,2025,1,January,1,3,4,THU,WASI,Raw Materials,69835.83
2025-01-17,DIESEL,800.0,EXPENSE DAILY,2025,1,January,1,3,5,FRI,DIESEL,Other Expenses,12437.21
2025-01-18,ELECTRICITY,1500.0,EXPENSE DAILY,2025,1,January,1,3,6,SAT,ELECTRICITY,Utilities,3000.0
2025-01-18,POINT S,520.0,EXPENSE DAILY,2025,1,January,1,3,6,SAT,POINT S,Other Expenses,4761.0
2025-01-18,SHOPRITE,349.9,EXPENSE DAILY,2025,1,January,1,3,6,SAT,SHOPRITE,Supplies,3286.0
2025-01-18,TBANTU,25.9,EXPENSE DAILY,2025,1,January,1,3,6,SAT,TBANTU,Other Expenses,115.9
2025-01-18,WASI,6462.58,EXPENSE DAILY,2025,1,January,1,3,6,SAT,WASI,Raw Materials,76298.41
2025-01-20,DIESEL,901.06,EXPENSE DAILY,2025,1,January,1,4,1,MON,DIESEL,Other Expenses,13338.27
2025-01-20,DIESEL,600.0,EXPENSE DAILY,2025,1,January,1,4,1,MON,DIESEL,Other Expenses,13938.27
2025-01-20,SHOPRITE,139.96,EXPENSE DAILY,2025,1,January,1,4,1,MON,SHOPRITE,Supplies,3425.96
2025-01-20,SOAP CENTRE,826.0,EXPENSE DAILY,2025,1,January,1,4,1,MON,SOAP CENTRE,Other Expenses,2836.0
2025-01-20,TBANTU,180.0,EXPENSE DAILY,2025,1,January,1,4,1,MON,TBANTU,Other Expenses,295.9
2025-01-20,WAGES,6700.0,EXPENSE DAILY,2025,1,January,1,4,1,MON,WAGES,Labor,55460.0
2025-01-20,WASI,4667.64,EXPENSE DAILY,2025,1,January,1,4,1,MON,WASI,Raw Materials,80966.05
2025-01-21,CHIPKINS,24276.5,EXPENSE DAILY,2025,1,January,1,4,2,TUE,CHIPKINS,Raw Materials,65437.3
2025-01-21,DIESEL,1119.53,EXPENSE DAILY,2025,1,January,1,4,2,TUE,DIESEL,Other Expenses,15057.8
2025-01-21,TOLL GATE,79.0,EXPENSE DAILY,2025,1,January,1,4,2,TUE,TOLL GATE,Transportation,711.0
2025-01-21,TOLL GATE,79.0,EXPENSE DAILY,2025,1,January,1,4,2,TUE,TOLL GATE,Transportation,790.0
2025-01-21,WASI,3997.68,EXPENSE DAILY,2025,1,January,1,4,2,TUE,WASI,Raw Materials,84963.73
2025-01-22,DIESEL,800.0,EXPENSE DAILY,2025,1,January,1,4,3,WED,DIESEL,Other Expenses,15857.8
2025-01-22,LOWVELD PACKAGING,476.75,EXPENSE DAILY,2025,1,January,1,4,3,WED,LOWVELD PACKAGING,Other Expenses,476.75
2025-01-22,MAKRO,1153.3,EXPENSE DAILY,2025,1,January,1,4,3,WED,MAKRO,Supplies,2887.1
2025-01-23,DIESEL,800.0,EXPENSE DAILY,2025,1,January,1,4,4,THU,DIESEL,Other Expenses,16657.8
2025-01-23,PNP,94.99,EXPENSE DAILY,2025,1,January,1,4,4,THU,PNP,Other Expenses,1519.16
2025-01-23,SHOPRITE,349.9,EXPENSE DAILY,2025,1,January,1,4,4,THU,SHOPRITE,Supplies,3775.8599999999997
2025-01-23,SPICE AND PACK,9739.66,EXPENSE DAILY,2025,1,January,1,4,4,THU,SPICE AND PACK,Other Expenses,9739.66
2025-01-23,TBANTU,180.0,EXPENSE DAILY,2025,1,January,1,4,4,THU,TBANTU,Other Expenses,475.9
2025-01-23,WAGES,9970.0,EXPENSE DAILY,2025,1,January,1,4,4,THU,WAGES,Labor,65430.0
2025-01-23,WASI,6275.5,EXPENSE DAILY,2025,1,January,1,4,4,THU,WASI,Raw Materials,91239.23
2025-01-24,DIESEL,800.0,EXPENSE DAILY,2025,1,January,1,4,5,FRI,DIESEL,Other Expenses,17457.8
2025-01-24,DIESEL,1087.95,EXPENSE DAILY,2025,1,January,1,4,5,FRI,DIESEL,Other Expenses,18545.75
2025-01-24,LOWVELD PACKAGING,98.28,EXPENSE DAILY,2025,1,January,1,4,5,FRI,LOWVELD PACKAGING,Other Expenses,575.03
2025-01-24,LOWVELD PACKAGING,65.52,EXPENSE DAILY,2025,1,January,1,4,5,FRI,LOWVELD PACKAGING,Other Expenses,640.55
2025-01-24,WAGES,6090.0,EXPENSE DAILY,2025,1,January,1,4,5,FRI,WAGES,Labor,71520.0
2025-01-25,ALZU,155.4,EXPENSE DAILY,2025,1,January,1,4,6,SAT,ALZU,Other Expenses,155.4
2025-01-25,HEIDEL EGGS,2400.0,EXPENSE DAILY,2025,1,January,1,4,6,SAT,HEIDEL EGGS,Other Expenses,22200.0
2025-01-25,TOTAL SHELL,83.4,EXPENSE DAILY,2025,1,January,1,4,6,SAT,TOTAL SHELL,Other Expenses,83.4
2025-01-26,AE BARB,98.0,EXPENSE DAILY,2025,1,January,1,4,7,SUN,AE BARB,Other Expenses,98.0
2025-01-26,WASI,6123.48,EXPENSE DAILY,2025,1,January,1,4,7,SUN,WASI,Raw Materials,97362.70999999999
2025-01-27,BACK 2 BASICS,60.0,EXPENSE DAILY,2025,1,January,1,5,1,MON,BACK 2 BASICS,Other Expenses,312.0
2025-01-27,DIESEL,800.0,EXPENSE DAILY,2025,1,January,1,5,1,MON,DIESEL,Other Expenses,19345.75
2025-01-27,MULTISAVE,240.0,EXPENSE DAILY,2025,1,January,1,5,1,MON,MULTISAVE,Other Expenses,240.0
2025-01-27,WASI,5463.58,EXPENSE DAILY,2025,1,January,1,5,1,MON,WASI,Raw Materials,102826.29
2025-01-28,CHIPKINS,12186.33,EXPENSE DAILY,2025,1,January,1,5,2,TUE,CHIPKINS,Raw Materials,77623.63
2025-01-28,DIESEL,845.04,EXPENSE DAILY,2025,1,January,1,5,2,TUE,DIESEL,Other Expenses,20190.79
2025-01-28,ELECTRICITY/AE BARB CS,1560.0,EXPENSE DAILY,2025,1,January,1,5,2,TUE,ELECTRICITY/AE BARB CS,Utilities,1560.0
2025-01-28,FAMILY STORE,302.99,EXPENSE DAILY,2025,1,January,1,5,2,TUE,FAMILY STORE,Other Expenses,679.99
2025-01-28,SHOPRITE,244.93,EXPENSE DAILY,2025,1,January,1,5,2,TUE,SHOPRITE,Supplies,4020.79
2025-01-28,SOAP CENTRE,464.0,EXPENSE DAILY,2025,1,January,1,5,2,TUE,SOAP CENTRE,Other Expenses,3300.0
2025-01-28,TOLL GATE,79.0,EXPENSE DAILY,2025,1,January,1,5,2,TUE,TOLL GATE,Transportation,869.0
2025-01-28,TOLL GATE,79.0,EXPENSE DAILY,2025,1,January,1,5,2,TUE,TOLL GATE,Transportation,948.0
2025-01-28,WASI,39.99,EXPENSE DAILY,2025,1,January,1,5,2,TUE,WASI,Raw Materials,102866.28
2025-01-28,WASI,5752.52,EXPENSE DAILY,2025,1,January,1,5,2,TUE,WASI,Raw Materials,108618.8
2025-01-29,DIESEL,800.16,EXPENSE DAILY,2025,1,January,1,5,3,WED,DIESEL,Other Expenses,20990.95
2025-01-30,DIESEL,800.0,EXPENSE DAILY,2025,1,January,1,5,4,THU,DIESEL,Other Expenses,21790.95
2025-01-30,OBARO,204.0,EXPENSE DAILY,2025,1,January,1,5,4,THU,OBARO,Other Expenses,204.0
2025-01-30,SHOPRITE,244.93,EXPENSE DAILY,2025,1,January,1,5,4,THU,SHOPRITE,Supplies,4265.72
2025-01-30,SPICE AND PACK,7157.54,EXPENSE DAILY,2025,1,January,1,5,4,THU,SPICE AND PACK,Other Expenses,16897.2
2025-01-30,WASI,6857.43,EXPENSE DAILY,2025,1,January,1,5,4,THU,WASI,Raw Materials,115476.23
2025-01-31,AIRTIME,30.0,EXPENSE DAILY,2025,1,January,1,5,5,FRI,AIRTIME,Other Expenses,30.0
2025-01-31,DIESEL,743.79,EXPENSE DAILY,2025,1,January,1,5,5,FRI,DIESEL,Other Expenses,22534.739999999998
2025-01-31,ELECTRICITY,1500.0,EXPENSE DAILY,2025,1,January,1,5,5,FRI,ELECTRICITY,Utilities,4500.0
2025-01-31,HEIDEL EGGS,6000.0,EXPENSE DAILY,2025,1,January,1,5,5,FRI,HEIDEL EGGS,Other Expenses,28200.0
2025-01-31,OBARO,252.0,EXPENSE DAILY,2025,1,January,1,5,5,FRI,OBARO,Other Expenses,456.0
2025-02-01,DIESEL,800.16,EXPENSE DAILY,2025,2,February,1,5,6,SAT,DIESEL,Other Expenses,23334.9
2025-02-01,PNP,242.34,EXPENSE DAILY,2025,2,February,1,5,6,SAT,PNP,Other Expenses,1761.5
2025-02-01,WAGES,6900.0,EXPENSE DAILY,2025,2,February,1,5,6,SAT,WAGES,Labor,78420.0
2025-02-01,WASI,6232.66,EXPENSE DAILY,2025,2,February,1,5,6,SAT,WASI,Raw Materials,121708.89
2025-02-03,BACK2BASICS,312.0,EXPENSE DAILY,2025,2,February,1,6,1,MON,BACK2BASICS,Other Expenses,372.0
2025-02-03,DIESEL/OIL,890.0,EXPENSE DAILY,2025,2,February,1,6,1,MON,DIESEL/OIL,Other Expenses,890.0
2025-02-03,PNP,1667.37,EXPENSE DAILY,2025,2,February,1,6,1,MON,PNP,Other Expenses,3428.87
2025-02-03,SOAP CENTRE,720.0,EXPENSE DAILY,2025,2,February,1,6,1,MON,SOAP CENTRE,Other Expenses,4020.0
2025-02-03,WASI,6436.48,EXPENSE DAILY,2025,2,February,1,6,1,MON,WASI,Raw Materials,128145.37
2025-02-04,DIESEL,800.0,EXPENSE DAILY,2025,2,February,1,6,2,TUE,DIESEL,Other Expenses,24134.9
2025-02-04,SHOPRITE,349.9,EXPENSE DAILY,2025,2,February,1,6,2,TUE,SHOPRITE,Supplies,4615.62
2025-02-04,TBANTU,184.0,EXPENSE DAILY,2025,2,February,1,6,2,TUE,TBANTU,Other Expenses,659.9
2025-02-04,TOLL GATE,79.0,EXPENSE DAILY,2025,2,February,1,6,2,TUE,TOLL GATE,Transportation,1027.0
2025-02-04,TOLL GATE,79.0,EXPENSE DAILY,2025,2,February,1,6,2,TUE,TOLL GATE,Transportation,1106.0
2025-02-04,WASI,39.99,EXPENSE DAILY,2025,2,February,1,6,2,TUE,WASI,Raw Materials,128185.36
2025-02-04,WASI,6851.51,EXPENSE DAILY,2025,2,February,1,6,2,TUE,WASI,Raw Materials,135036.87
2025-02-04,XTREME MOTOR SPARES,250.0,EXPENSE DAILY,2025,2,February,1,6,2,TUE,XTREME MOTOR SPARES,Other Expenses,250.0
2025-02-05,CHIPKINS,24863.0,EXPENSE DAILY,2025,2,February,1,6,3,WED,CHIPKINS,Raw Materials,102486.63
2025-02-05,DIESEL,800.0,EXPENSE DAILY,2025,2,February,1,6,3,WED,DIESEL,Other Expenses,24934.9
2025-02-06,DIESEL,800.0,EXPENSE DAILY,2025,2,February,1,6,4,THU,DIESEL,Other Expenses,25734.9
2025-02-06,FAMILY STORE,439.98,EXPENSE DAILY,2025,2,February,1,6,4,THU,FAMILY STORE,Other Expenses,1119.97
2025-02-06,HYPER SWEETS,1200.0,EXPENSE DAILY,2025,2,February,1,6,4,THU,HYPER SWEETS,Raw Materials,4344.0
2025-02-06,MAKRO,509.8,EXPENSE DAILY,2025,2,February,1,6,4,THU,MAKRO,Supplies,3396.9
2025-02-06,PNP,587.76,EXPENSE DAILY,2025,2,February,1,6,4,THU,PNP,Other Expenses,4016.63
2025-02-06,SHOPRITE,279.92,EXPENSE DAILY,2025,2,February,1,6,4,THU,SHOPRITE,Supplies,4895.54
2025-02-06,SPICE AND PACK,7157.54,EXPENSE DAILY,2025,2,February,1,6,4,THU,SPICE AND PACK,Other Expenses,24054.739999999998
2025-02-06,WASI,24.99,EXPENSE DAILY,2025,2,February,1,6,4,THU,WASI,Raw Materials,135061.86
2025-02-06,WASI,6671.62,EXPENSE DAILY,2025,2,February,1,6,4,THU,WASI,Raw Materials,141733.48
2025-02-07,DIESEL,800.0,EXPENSE DAILY,2025,2,February,1,6,5,FRI,DIESEL,Other Expenses,26534.9
2025-02-07,HEIDEL EGGS,6000.0,EXPENSE DAILY,2025,2,February,1,6,5,FRI,HEIDEL EGGS,Other Expenses,34200.0
2025-02-08,OBARO,872.7,EXPENSE DAILY,2025,2,February,1,6,6,SAT,OBARO,Other Expenses,1328.7
2025-02-08,WAGES,18755.0,EXPENSE DAILY,2025,2,February,1,6,6,SAT,WAGES,Labor,97175.0
2025-02-09,ELECTRICITY,1500.0,EXPENSE DAILY,2025,2,February,1,6,7,SUN,ELECTRICITY,Utilities,6000.0
2025-02-09,SHOPRITE,314.91,EXPENSE DAILY,2025,2,February,1,6,7,SUN,SHOPRITE,Supplies,5210.45
2025-02-09,WASI,7082.37,EXPENSE DAILY,2025,2,February,1,6,7,SUN,WASI,Raw Materials,148815.85
2025-02-10,DIESEL,1627.15,EXPENSE DAILY,2025,2,February,1,7,1,MON,DIESEL,Other Expenses,28162.05
2025-02-10,DIESEL,775.29,EXPENSE DAILY,2025,2,February,1,7,1,MON,DIESEL,Other Expenses,28937.34
2025-02-10,FAMILY STORE,517.98,EXPENSE DAILY,2025,2,February,1,7,1,MON,FAMILY STORE,Other Expenses,1637.95
2025-02-10,PNP,806.19,EXPENSE DAILY,2025,2,February,1,7,1,MON,PNP,Other Expenses,4822.82
2025-02-10,SHOPRITE,349.9,EXPENSE DAILY,2025,2,February,1,7,1,MON,SHOPRITE,Supplies,5560.35
2025-02-10,WASI,5966.55,EXPENSE DAILY,2025,2,February,1,7,1,MON,WASI,Raw Materials,154782.4
2025-02-11,CAVALIERI,575.0,EXPENSE DAILY,2025,2,February,1,7,2,TUE,CAVALIERI,Other Expenses,1150.0
2025-02-11,DIESEL,662.99,EXPENSE DAILY,2025,2,February,1,7,2,TUE,DIESEL,Other Expenses,29600.329999999998
2025-02-11,DIESEL,1077.28,EXPENSE DAILY,2025,2,February,1,7,2,TUE,DIESEL,Other Expenses,30677.61
2025-02-11,MAKRO,549.0,EXPENSE DAILY,2025,2,February,1,7,2,TUE,MAKRO,Supplies,3945.8999999999996
2025-02-11,SHOPRITE,449.89,EXPENSE DAILY,2025,2,February,1,7,2,TUE,SHOPRITE,Supplies,6010.24
2025-02-11,TBANTU,90.0,EXPENSE DAILY,2025,2,February,1,7,2,TUE,TBANTU,Other Expenses,749.9
2025-02-11,TOLL GATE,79.0,EXPENSE DAILY,2025,2,February,1,7,2,TUE,TOLL GATE,Transportation,1185.0
2025-02-11,TOLL GATE,79.0,EXPENSE DAILY,2025,2,February,1,7,2,TUE,TOLL GATE,Transportation,1264.0
2025-02-11,WASI,8105.45,EXPENSE DAILY,2025,2,February,1,7,2,TUE,WASI,Raw Materials,162887.85
2025-02-11,XTREME MOTOR SPARES,650.0,EXPENSE DAILY,2025,2,February,1,7,2,TUE,XTREME MOTOR SPARES,Other Expenses,900.0
2025-02-12,DEEP SIX PEST CONTROL,1510.0,EXPENSE DAILY,2025,2,February,1,7,3,WED,DEEP SIX PEST CONTROL,Other Expenses,1510.0
2025-02-12,DIESEL,800.0,EXPENSE DAILY,2025,2,February,1,7,3,WED,DIESEL,Other Expenses,31477.61
2025-02-12,MAGNITE SERVICE,2280.61,EXPENSE DAILY,2025,2,February,1,7,3,WED,MAGNITE SERVICE,Other Expenses,2280.61
2025-02-13,CHIPKINS,1840.0,EXPENSE DAILY,2025,2,February,1,7,4,THU,CHIPKINS,Raw Materials,104326.63
2025-02-13,DIESEL,800.0,EXPENSE DAILY,2025,2,February,1,7,4,THU,DIESEL,Other Expenses,32277.61
2025-02-13,SHOPRITE,756.18,EXPENSE DAILY,2025,2,February,1,7,4,THU,SHOPRITE,Supplies,6766.42
2025-02-13,SPICE AND PACK,7157.54,EXPENSE DAILY,2025,2,February,1,7,4,THU,SPICE AND PACK,Other Expenses,31212.28
2025-02-13,WASI,395.96,EXPENSE DAILY,2025,2,February,1,7,4,THU,WASI,Raw Materials,163283.81
2025-02-13,WASI,7187.63,EXPENSE DAILY,2025,2,February,1,7,4,THU,WASI,Raw Materials,170471.44
2025-02-14,DIESEL,800.0,EXPENSE DAILY,2025,2,February,1,7,5,FRI,DIESEL,Other Expenses,33077.61
2025-02-14,DIESEL,800.0,EXPENSE DAILY,2025,2,February,1,7,5,FRI,DIESEL,Other Expenses,33877.61
2025-02-14,MAKRO,679.8,EXPENSE DAILY,2025,2,February,1,7,5,FRI,MAKRO,Supplies,4625.7
2025-02-14,MICA,70.0,EXPENSE DAILY,2025,2,February,1,7,5,FRI,MICA,Other Expenses,70.0
2025-02-14,PNP,828.39,EXPENSE DAILY,2025,2,February,1,7,5,FRI,PNP,Other Expenses,5651.21
2025-02-15,DIESEL,800.0,EXPENSE DAILY,2025,2,February,1,7,6,SAT,DIESEL,Other Expenses,34677.61
2025-02-15,WASI,8739.46,EXPENSE DAILY,2025,2,February,1,7,6,SAT,WASI,Raw Materials,179210.9
2025-02-16,DIESEL,1124.4,EXPENSE DAILY,2025,2,February,1,7,7,SUN,DIESEL,Other Expenses,35802.01
2025-02-16,ELECTRICITY,1500.0,EXPENSE DAILY,2025,2,February,1,7,7,SUN,ELECTRICITY,Utilities,7500.0
2025-02-16,PNP,97.98,EXPENSE DAILY,2025,2,February,1,7,7,SUN,PNP,Other Expenses,5749.19
2025-02-16,SHOPRITE,189.94,EXPENSE DAILY,2025,2,February,1,7,7,SUN,SHOPRITE,Supplies,6956.36
2025-02-16,TOLL GATE,25.0,EXPENSE DAILY,2025,2,February,1,7,7,SUN,TOLL GATE,Transportation,1289.0
2025-02-16,TOLL GATE,79.0,EXPENSE DAILY,2025,2,February,1,7,7,SUN,TOLL GATE,Transportation,1368.0
2025-02-17,DIESEL,800.0,EXPENSE DAILY,2025,2,February,1,8,1,MON,DIESEL,Other Expenses,36602.01
2025-02-17,PETROL,950.63,EXPENSE DAILY,2025,2,February,1,8,1,MON,PETROL,Other Expenses,1250.63
2025-02-17,PNP,13.99,EXPENSE DAILY,2025,2,February,1,8,1,MON,PNP,Other Expenses,5763.18
2025-02-17,RIVERS SPICE EMPORIUM,256.0,EXPENSE DAILY,2025,2,February,1,8,1,MON,RIVERS SPICE EMPORIUM,Other Expenses,256.0
2025-02-17,SHOPRITE,600.99,EXPENSE DAILY,2025,2,February,1,8,1,MON,SHOPRITE,Supplies,7557.35
2025-02-17,SOAP CENTRE,610.0,EXPENSE DAILY,2025,2,February,1,8,1,MON,SOAP CENTRE,Other Expenses,4630.0
2025-02-17,TBANTU,90.0,EXPENSE DAILY,2025,2,February,1,8,1,MON,TBANTU,Other Expenses,839.9
2025-02-17,WASI,8418.52,EXPENSE DAILY,2025,2,February,1,8,1,MON,WASI,Raw Materials,187629.41999999998
2025-02-18,AE BARB CS,205.96,EXPENSE DAILY,2025,2,February,1,8,2,TUE,AE BARB CS,Other Expenses,653.48
2025-02-19,AIRTIME,29.0,EXPENSE DAILY,2025,2,February,1,8,3,WED,AIRTIME,Other Expenses,59.0
2025-02-19,CHIPKINS,26460.13,EXPENSE DAILY,2025,2,February,1,8,3,WED,CHIPKINS,Raw Materials,130786.76
2025-02-19,DIESEL,700.0,EXPENSE DAILY,2025,2,February,1,8,3,WED,DIESEL,Other Expenses,37302.01
2025-02-19,LABELPRO,764.8,EXPENSE DAILY,2025,2,February,1,8,3,WED,LABELPRO,Other Expenses,764.8
2025-02-19,SHOPRITE,279.92,EXPENSE DAILY,2025,2,February,1,8,3,WED,SHOPRITE,Supplies,7837.2699999999995
2025-02-19,WASI,17.5,EXPENSE DAILY,2025,2,February,1,8,3,WED,WASI,Raw Materials,187646.91999999998
2025-02-19,WASI,6789.56,EXPENSE DAILY,2025,2,February,1,8,3,WED,WASI,Raw Materials,194436.48
2025-02-20,CASH & CARRY,388.0,EXPENSE DAILY,2025,2,February,1,8,4,THU,CASH & CARRY,Other Expenses,388.0
2025-02-20,DIESEL,948.3,EXPENSE DAILY,2025,2,February,1,8,4,THU,DIESEL,Other Expenses,38250.31
2025-02-20,EASY SPICE & PACK,960.25,EXPENSE DAILY,2025,2,February,1,8,4,THU,EASY SPICE & PACK,Other Expenses,960.25
2025-02-20,EASY SPICE & PACK,4771.7,EXPENSE DAILY,2025,2,February,1,8,4,THU,EASY SPICE & PACK,Other Expenses,5731.95
2025-02-20,ELECTRICITY,1500.0,EXPENSE DAILY,2025,2,February,1,8,4,THU,ELECTRICITY,Utilities,9000.0
2025-02-20,PNP,102.94,EXPENSE DAILY,2025,2,February,1,8,4,THU,PNP,Other Expenses,5866.12
2025-02-20,PNP,44.99,EXPENSE DAILY,2025,2,February,1,8,4,THU,PNP,Other Expenses,5911.11
2025-02-20,SHOPRITE,69.98,EXPENSE DAILY,2025,2,February,1,8,4,THU,SHOPRITE,Supplies,7907.25
2025-02-20,TOLL GATE,79.0,EXPENSE DAILY,2025,2,February,1,8,4,THU,TOLL GATE,Transportation,1447.0
2025-02-20,TOLL GATE,79.0,EXPENSE DAILY,2025,2,February,1,8,4,THU,TOLL GATE,Transportation,1526.0
2025-02-21,AE BARB CS,184.99,EXPENSE DAILY,2025,2,February,1,8,5,FRI,AE BARB CS,Other Expenses,838.47
2025-02-21,DIESEL,800.0,EXPENSE DAILY,2025,2,February,1,8,5,FRI,DIESEL,Other Expenses,39050.31
2025-02-21,WAGES,6900.0,EXPENSE DAILY,2025,2,February,1,8,5,FRI,WAGES,Labor,104075.0
2025-02-22,DIESEL,800.0,EXPENSE DAILY,2025,2,February,1,8,6,SAT,DIESEL,Other Expenses,39850.31
2025-02-23,AE BARB CS,239.95,EXPENSE DAILY,2025,2,February,1,8,7,SUN,AE BARB CS,Other Expenses,1078.42
2025-02-23,AE BARB CS,1557.98,EXPENSE DAILY,2025,2,February,1,8,7,SUN,AE BARB CS,Other Expenses,2636.4
2025-02-23,PNP,295.94,EXPENSE DAILY,2025,2,February,1,8,7,SUN,PNP,Other Expenses,6207.05
2025-02-23,SHOPRITE,279.92,EXPENSE DAILY,2025,2,February,1,8,7,SUN,SHOPRITE,Supplies,8187.17
2025-02-23,WASI,7087.48,EXPENSE DAILY,2025,2,February,1,8,7,SUN,WASI,Raw Materials,201523.96
2025-02-24,DIESEL,532.06,EXPENSE DAILY,2025,2,February,1,9,1,MON,DIESEL,Other Expenses,40382.37
2025-02-24,SHOPRITE,639.88,EXPENSE DAILY,2025,2,February,1,9,1,MON,SHOPRITE,Supplies,8827.05
2025-02-24,WASI,9052.47,EXPENSE DAILY,2025,2,February,1,9,1,MON,WASI,Raw Materials,210576.43
2025-02-25,MISS SUPERMARKET,260.0,EXPENSE DAILY,2025,2,February,1,9,2,TUE,MISS SUPERMARKET,Other Expenses,260.0
2025-02-25,TBANTU,50.0,EXPENSE DAILY,2025,2,February,1,9,2,TUE,TBANTU,Other Expenses,889.9
2025-02-25,WASI,7880.6,EXPENSE DAILY,2025,2,February,1,9,2,TUE,WASI,Raw Materials,218457.03
2025-02-25,WESTVAAL,862.5,EXPENSE DAILY,2025,2,February,1,9,2,TUE,WESTVAAL,Other Expenses,862.5
2025-02-26,ALLY CATS,160.0,EXPENSE DAILY,2025,2,February,1,9,3,WED,ALLY CATS,Other Expenses,160.0
2025-02-26,CCS COMPUTERS,450.0,EXPENSE DAILY,2025,2,February,1,9,3,WED,CCS COMPUTERS,Other Expenses,450.0
2025-02-26,CHIPKINS,10521.58,EXPENSE DAILY,2025,2,February,1,9,3,WED,CHIPKINS,Raw Materials,141308.34
2025-02-26,DIESEL,800.0,EXPENSE DAILY,2025,2,February,1,9,3,WED,DIESEL,Other Expenses,41182.37
2025-02-26,HYPER SWEETS,1200.0,EXPENSE DAILY,2025,2,February,1,9,3,WED,HYPER SWEETS,Raw Materials,5544.0
2025-02-26,TBANTU,180.0,EXPENSE DAILY,2025,2,February,1,9,3,WED,TBANTU,Other Expenses,1069.9
2025-02-26,WASI,119.99,EXPENSE DAILY,2025,2,February,1,9,3,WED,WASI,Raw Materials,218577.02
2025-02-26,WASI,43.99,EXPENSE DAILY,2025,2,February,1,9,3,WED,WASI,Raw Materials,218621.01
2025-02-27,AE BARB CS,119.99,EXPENSE DAILY,2025,2,February,1,9,4,THU,AE BARB CS,Other Expenses,2756.39
2025-02-27,CAVALIERI CHEESE,575.0,EXPENSE DAILY,2025,2,February,1,9,4,THU,CAVALIERI CHEESE,Other Expenses,575.0
2025-02-27,DIESEL,1021.61,EXPENSE DAILY,2025,2,February,1,9,4,THU,DIESEL,Other Expenses,42203.98
2025-02-27,DIESEL,688.5,EXPENSE DAILY,2025,2,February,1,9,4,THU,DIESEL,Other Expenses,42892.48
2025-02-27,EASY SPICE AND PACK,7157.54,EXPENSE DAILY,2025,2,February,1,9,4,THU,EASY SPICE AND PACK,Other Expenses,7157.54
2025-02-27,MAKRO,2588.9,EXPENSE DAILY,2025,2,February,1,9,4,THU,MAKRO,Supplies,7214.6
2025-02-27,PNP,53.98,EXPENSE DAILY,2025,2,February,1,9,4,THU,PNP,Other Expenses,6261.03
2025-02-27,SHOPRITE,359.91,EXPENSE DAILY,2025,2,February,1,9,4,THU,SHOPRITE,Supplies,9186.96
2025-02-27,SOAP CENTRE,370.0,EXPENSE DAILY,2025,2,February,1,9,4,THU,SOAP CENTRE,Other Expenses,5000.0
2025-02-27,TOLL GATES,79.0,EXPENSE DAILY,2025,2,February,1,9,4,THU,TOLL GATES,Transportation,79.0
2025-02-27,TOLL GATES,79.0,EXPENSE DAILY,2025,2,February,1,9,4,THU,TOLL GATES,Transportation,158.0
2025-02-27,WASI,8827.49,EXPENSE DAILY,2025,2,February,1,9,4,THU,WASI,Raw Materials,227448.5
2025-02-28,DIESEL,800.0,EXPENSE DAILY,2025,2,February,1,9,5,FRI,DIESEL,Other Expenses,43692.48
2025-02-28,WESTVAAL,4797.69,EXPENSE DAILY,2025,2,February,1,9,5,FRI,WESTVAAL,Other Expenses,5660.19
2025-03-01,ELECTRICITY,1500.0,EXPENSE DAILY,2025,3,March,1,9,6,SAT,ELECTRICITY,Utilities,10500.0
2025-03-01,SHOPRITE,279.93,EXPENSE DAILY,2025,3,March,1,9,6,SAT,SHOPRITE,Supplies,9466.89
2025-03-01,WASI,8599.61,EXPENSE DAILY,2025,3,March,1,9,6,SAT,WASI,Raw Materials,236048.11
2025-03-03,DIESEL,800.0,EXPENSE DAILY,2025,3,March,1,10,1,MON,DIESEL,Other Expenses,44492.48
2025-03-03,FAMILY STORE,154.0,EXPENSE DAILY,2025,3,March,1,10,1,MON,FAMILY STORE,Other Expenses,1791.95
2025-03-03,FAMILY STORE,39.99,EXPENSE DAILY,2025,3,March,1,10,1,MON,FAMILY STORE,Other Expenses,1831.94
2025-03-03,MAGIC STORE,101.0,EXPENSE DAILY,2025,3,March,1,10,1,MON,MAGIC STORE,Other Expenses,101.0
2025-03-03,SOAP CENTRE,260.0,EXPENSE DAILY,2025,3,March,1,10,1,MON,SOAP CENTRE,Other Expenses,5260.0
2025-03-03,WASI,6507.63,EXPENSE DAILY,2025,3,March,1,10,1,MON,WASI,Raw Materials,242555.74
2025-03-04,BACK 2 BASICS,133.0,EXPENSE DAILY,2025,3,March,1,10,2,TUE,BACK 2 BASICS,Other Expenses,445.0
2025-03-04,CHIPKINS,5681.0,EXPENSE DAILY,2025,3,March,1,10,2,TUE,CHIPKINS,Raw Materials,146989.34
2025-03-04,DIESEL,1090.25,EXPENSE DAILY,2025,3,March,1,10,2,TUE,DIESEL,Other Expenses,45582.729999999996
2025-03-04,HOME & PARTY STORE,85.0,EXPENSE DAILY,2025,3,March,1,10,2,TUE,HOME & PARTY STORE,Other Expenses,110.0
2025-03-04,OBARO,573.0,EXPENSE DAILY,2025,3,March,1,10,2,TUE,OBARO,Other Expenses,1901.7
2025-03-04,SHOPRITE,319.92,EXPENSE DAILY,2025,3,March,1,10,2,TUE,SHOPRITE,Supplies,9786.81
2025-03-04,TOLL GATE,81.0,EXPENSE DAILY,2025,3,March,1,10,2,TUE,TOLL GATE,Transportation,1607.0
2025-03-04,TOLL GATE,81.0,EXPENSE DAILY,2025,3,March,1,10,2,TUE,TOLL GATE,Transportation,1688.0
2025-03-04,WASI,7318.55,EXPENSE DAILY,2025,3,March,1,10,2,TUE,WASI,Raw Materials,249874.29
2025-03-05,DIESEL,800.0,EXPENSE DAILY,2025,3,March,1,10,3,WED,DIESEL,Other Expenses,46382.729999999996
2025-03-06,AE BARB CS,379.25,EXPENSE DAILY,2025,3,March,1,10,4,THU,AE BARB CS,Other Expenses,3135.6400000000003
2025-03-06,CHIPKINS,4358.5,EXPENSE DAILY,2025,3,March,1,10,4,THU,CHIPKINS,Raw Materials,151347.84
2025-03-06,DIESEL,800.0,EXPENSE DAILY,2025,3,March,1,10,4,THU,DIESEL,Other Expenses,47182.729999999996
2025-03-06,SHOPRITE,319.92,EXPENSE DAILY,2025,3,March,1,10,4,THU,SHOPRITE,Supplies,10106.73
2025-03-06,WASI,7386.52,EXPENSE DAILY,2025,3,March,1,10,4,THU,WASI,Raw Materials,257260.81
2025-03-07,AE BARB CS,165.98,EXPENSE DAILY,2025,3,March,1,10,5,FRI,AE BARB CS,Other Expenses,3301.62
2025-03-07,ALPHA-PHARM,200.87,EXPENSE DAILY,2025,3,March,1,10,5,FRI,ALPHA-PHARM,Other Expenses,200.87
2025-03-07,DIESEL,800.08,EXPENSE DAILY,2025,3,March,1,10,5,FRI,DIESEL,Other Expenses,47982.81
2025-03-07,MICA,76.0,EXPENSE DAILY,2025,3,March,1,10,5,FRI,MICA,Other Expenses,146.0
2025-03-07,OBARO,344.1,EXPENSE DAILY,2025,3,March,1,10,5,FRI,OBARO,Other Expenses,2245.8
2025-03-07,SOAP CENTRE,240.0,EXPENSE DAILY,2025,3,March,1,10,5,FRI,SOAP CENTRE,Other Expenses,5500.0
2025-03-07,WAGES,18610.0,EXPENSE DAILY,2025,3,March,1,10,5,FRI,WAGES,Labor,122685.0
2025-03-08,DIESEL,700.0,EXPENSE DAILY,2025,3,March,1,10,6,SAT,DIESEL,Other Expenses,48682.81
2025-03-08,MAKRO,3258.8,EXPENSE DAILY,2025,3,March,1,10,6,SAT,MAKRO,Supplies,10473.4
2025-03-08,SHOPRITE,163.96,EXPENSE DAILY,2025,3,March,1,10,6,SAT,SHOPRITE,Supplies,10270.69
2025-03-08,WASI,3311.83,EXPENSE DAILY,2025,3,March,1,10,6,SAT,WASI,Raw Materials,260572.63999999998
2025-03-09,DIESEL,800.0,EXPENSE DAILY,2025,3,March,1,10,7,SUN,DIESEL,Other Expenses,49482.81
2025-03-09,PNP,302.3,EXPENSE DAILY,2025,3,March,1,10,7,SUN,PNP,Other Expenses,6563.33
2025-03-09,PNP,768.4,EXPENSE DAILY,2025,3,March,1,10,7,SUN,PNP,Other Expenses,7331.73
2025-03-09,SHOPRITE,319.92,EXPENSE DAILY,2025,3,March,1,10,7,SUN,SHOPRITE,Supplies,10590.61
2025-03-09,WASI,8701.53,EXPENSE DAILY,2025,3,March,1,10,7,SUN,WASI,Raw Materials,269274.17
2025-03-10,DIESEL,800.0,EXPENSE DAILY,2025,3,March,1,11,1,MON,DIESEL,Other Expenses,50282.81
2025-03-10,ELECTRICITY/AE BARB CS,1549.0,EXPENSE DAILY,2025,3,March,1,11,1,MON,ELECTRICITY/AE BARB CS,Utilities,3109.0
2025-03-10,HYPER SWEETS,1200.0,EXPENSE DAILY,2025,3,March,1,11,1,MON,HYPER SWEETS,Raw Materials,6744.0
2025-03-10,SHOPRITE,404.91,EXPENSE DAILY,2025,3,March,1,11,1,MON,SHOPRITE,Supplies,10995.52
2025-03-10,TBANTU,180.0,EXPENSE DAILY,2025,3,March,1,11,1,MON,TBANTU,Other Expenses,1249.9
2025-03-10,WASI,7112.6,EXPENSE DAILY,2025,3,March,1,11,1,MON,WASI,Raw Materials,276386.77
2025-03-11,CHIPKINS,19333.8,EXPENSE DAILY,2025,3,March,1,11,2,TUE,CHIPKINS,Raw Materials,170681.64
2025-03-11,DIESEL,583.24,EXPENSE DAILY,2025,3,March,1,11,2,TUE,DIESEL,Other Expenses,50866.05
2025-03-11,SHOPRITE,359.92,EXPENSE DAILY,2025,3,March,1,11,2,TUE,SHOPRITE,Supplies,11355.44
2025-03-11,SPICE AND PACK,4771.7,EXPENSE DAILY,2025,3,March,1,11,2,TUE,SPICE AND PACK,Other Expenses,35983.979999999996
2025-03-11,TOLL GATE,81.0,EXPENSE DAILY,2025,3,March,1,11,2,TUE,TOLL GATE,Transportation,1769.0
2025-03-11,TOLL GATE,81.0,EXPENSE DAILY,2025,3,March,1,11,2,TUE,TOLL GATE,Transportation,1850.0
2025-03-11,WASI,6523.64,EXPENSE DAILY,2025,3,March,1,11,2,TUE,WASI,Raw Materials,282910.41
2025-03-12,DIESEL,800.0,EXPENSE DAILY,2025,3,March,1,11,3,WED,DIESEL,Other Expenses,51666.05
2025-03-12,DIESEL,600.0,EXPENSE DAILY,2025,3,March,1,11,3,WED,DIESEL,Other Expenses,52266.05
2025-03-13,SHOPRITE,224.95,EXPENSE DAILY,2025,3,March,1,11,4,THU,SHOPRITE,Supplies,11580.39
2025-03-13,WASI,144.99,EXPENSE DAILY,2025,3,March,1,11,4,THU,WASI,Raw Materials,283055.4
2025-03-13,WASI,6290.62,EXPENSE DAILY,2025,3,March,1,11,4,THU,WASI,Raw Materials,289346.02
2025-03-14,DIESEL,500.0,EXPENSE DAILY,2025,3,March,1,11,5,FRI,DIESEL,Other Expenses,52766.05
2025-03-15,ELECTRICITY,1500.0,EXPENSE DAILY,2025,3,March,1,11,6,SAT,ELECTRICITY,Utilities,12000.0
2025-03-15,SHOPRITE,359.92,EXPENSE DAILY,2025,3,March,1,11,6,SAT,SHOPRITE,Supplies,11940.31
2025-03-15,WAGES,17855.0,EXPENSE DAILY,2025,3,March,1,11,6,SAT,WAGES,Labor,140540.0
2025-03-15,WASI,7462.66,EXPENSE DAILY,2025,3,March,1,11,6,SAT,WASI,Raw Materials,296808.68
2025-03-16,AE BARB CS,85.98,EXPENSE DAILY,2025,3,March,1,11,7,SUN,AE BARB CS,Other Expenses,3387.6
2025-03-16,AE BARB CS,109.0,EXPENSE DAILY,2025,3,March,1,11,7,SUN,AE BARB CS,Other Expenses,3496.6
2025-03-16,MISS SUPERMARKET,1116.0,EXPENSE DAILY,2025,3,March,1,11,7,SUN,MISS SUPERMARKET,Other Expenses,1376.0
2025-03-17,ACE,1517.45,EXPENSE DAILY,2025,3,March,1,12,1,MON,ACE,Other Expenses,11633.78
2025-03-17,AE BARB CS,105.98,EXPENSE DAILY,2025,3,March,1,12,1,MON,AE BARB CS,Other Expenses,3602.58
2025-03-17,CHIPKINS,18571.13,EXPENSE DAILY,2025,3,March,1,12,1,MON,CHIPKINS,Raw Materials,189252.77
2025-03-17,DIESEL,800.0,EXPENSE DAILY,2025,3,March,1,12,1,MON,DIESEL,Other Expenses,53566.05
2025-03-17,DIESEL,700.0,EXPENSE DAILY,2025,3,March,1,12,1,MON,DIESEL,Other Expenses,54266.05
2025-03-17,HOME & PARTY STORE,700.0,EXPENSE DAILY,2025,3,March,1,12,1,MON,HOME & PARTY STORE,Other Expenses,810.0
2025-03-17,MAKRO,778.0,EXPENSE DAILY,2025,3,March,1,12,1,MON,MAKRO,Supplies,11251.4
2025-03-17,MISS SUPERMARKET,505.0,EXPENSE DAILY,2025,3,March,1,12,1,MON,MISS SUPERMARKET,Other Expenses,1881.0
2025-03-17,OBARO,573.0,EXPENSE DAILY,2025,3,March,1,12,1,MON,OBARO,Other Expenses,2818.8
2025-03-17,PNP,241.12,EXPENSE DAILY,2025,3,March,1,12,1,MON,PNP,Other Expenses,7572.85
2025-03-17,SHOPRITE,359.92,EXPENSE DAILY,2025,3,March,1,12,1,MON,SHOPRITE,Supplies,12300.23
2025-03-17,SOAP CENTRE,759.0,EXPENSE DAILY,2025,3,March,1,12,1,MON,SOAP CENTRE,Other Expenses,6259.0
2025-03-17,WASI,8474.49,EXPENSE DAILY,2025,3,March,1,12,1,MON,WASI,Raw Materials,305283.17
2025-03-18,BACK 2 BASICS,133.0,EXPENSE DAILY,2025,3,March,1,12,2,TUE,BACK 2 BASICS,Other Expenses,578.0
2025-03-18,DIESEL,1138.37,EXPENSE DAILY,2025,3,March,1,12,2,TUE,DIESEL,Other Expenses,55404.42
2025-03-18,OBARO,819.4,EXPENSE DAILY,2025,3,March,1,12,2,TUE,OBARO,Other Expenses,3638.2
2025-03-18,SHOPRITE,314.93,EXPENSE DAILY,2025,3,March,1,12,2,TUE,SHOPRITE,Supplies,12615.16
2025-03-18,TOLL GATE,81.0,EXPENSE DAILY,2025,3,March,1,12,2,TUE,TOLL GATE,Transportation,1931.0
2025-03-18,TOLL GATE,81.0,EXPENSE DAILY,2025,3,March,1,12,2,TUE,TOLL GATE,Transportation,2012.0
2025-03-18,WASI,7198.61,EXPENSE DAILY,2025,3,March,1,12,2,TUE,WASI,Raw Materials,312481.77999999997
2025-03-19,DIESEL,800.0,EXPENSE DAILY,2025,3,March,1,12,3,WED,DIESEL,Other Expenses,56204.42
2025-03-20,DIESEL,800.0,EXPENSE DAILY,2025,3,March,1,12,4,THU,DIESEL,Other Expenses,57004.42
2025-03-20,SPICE AND PACK,7157.54,EXPENSE DAILY,2025,3,March,1,12,4,THU,SPICE AND PACK,Other Expenses,43141.52
2025-03-20,WASI,4906.73,EXPENSE DAILY,2025,3,March,1,12,4,THU,WASI,Raw Materials,317388.51
2025-03-21,DIESEL,800.0,EXPENSE DAILY,2025,3,March,1,12,5,FRI,DIESEL,Other Expenses,57804.42
2025-03-23,SHOPRITE,404.91,EXPENSE DAILY,2025,3,March,1,12,7,SUN,SHOPRITE,Supplies,13020.07
2025-03-23,SHOPRITE,249.95,EXPENSE DAILY,2025,3,March,1,12,7,SUN,SHOPRITE,Supplies,13270.02
2025-03-23,WASI,9647.24,EXPENSE DAILY,2025,3,March,1,12,7,SUN,WASI,Raw Materials,327035.75
2025-03-24,AE BARB CS,91.99,EXPENSE DAILY,2025,3,March,1,13,1,MON,AE BARB CS,Other Expenses,3694.57
2025-03-24,CHIPKINS,16974.0,EXPENSE DAILY,2025,3,March,1,13,1,MON,CHIPKINS,Raw Materials,206226.77
2025-03-24,PNP,301.13,EXPENSE DAILY,2025,3,March,1,13,1,MON,PNP,Other Expenses,7873.98
2025-03-24,SHOPRITE,404.91,EXPENSE DAILY,2025,3,March,1,13,1,MON,SHOPRITE,Supplies,13674.93
2025-03-24,WASI,7646.45,EXPENSE DAILY,2025,3,March,1,13,1,MON,WASI,Raw Materials,334682.2
2025-03-25,AE BARB CS,98.0,EXPENSE DAILY,2025,3,March,1,13,2,TUE,AE BARB CS,Other Expenses,3792.57
2025-03-25,BACK 2 BASICS,50.0,EXPENSE DAILY,2025,3,March,1,13,2,TUE,BACK 2 BASICS,Other Expenses,628.0
2025-03-25,CAVALIERI CHEESE,575.0,EXPENSE DAILY,2025,3,March,1,13,2,TUE,CAVALIERI CHEESE,Other Expenses,1150.0
2025-03-25,DIESEL,1299.61,EXPENSE DAILY,2025,3,March,1,13,2,TUE,DIESEL,Other Expenses,59104.03
2025-03-25,DIESEL,500.0,EXPENSE DAILY,2025,3,March,1,13,2,TUE,DIESEL,Other Expenses,59604.03
2025-03-25,HYPER SWEETS,600.0,EXPENSE DAILY,2025,3,March,1,13,2,TUE,HYPER SWEETS,Raw Materials,7344.0
2025-03-25,MAKRO,1327.8,EXPENSE DAILY,2025,3,March,1,13,2,TUE,MAKRO,Supplies,12579.2
2025-03-25,SHOPRITE,404.91,EXPENSE DAILY,2025,3,March,1,13,2,TUE,SHOPRITE,Supplies,14079.84
2025-03-25,SOAP CENTRE,480.0,EXPENSE DAILY,2025,3,March,1,13,2,TUE,SOAP CENTRE,Other Expenses,6739.0
2025-03-25,TBANTU,180.0,EXPENSE DAILY,2025,3,March,1,13,2,TUE,TBANTU,Other Expenses,1429.9
2025-03-25,TBANTU,76.0,EXPENSE DAILY,2025,3,March,1,13,2,TUE,TBANTU,Other Expenses,1505.9
2025-03-25,TOLL GATE,81.0,EXPENSE DAILY,2025,3,March,1,13,2,TUE,TOLL GATE,Transportation,2093.0
2025-03-25,TOLL GATE,81.0,EXPENSE DAILY,2025,3,March,1,13,2,TUE,TOLL GATE,Transportation,2174.0
2025-03-25,WASI,8418.33,EXPENSE DAILY,2025,3,March,1,13,2,TUE,WASI,Raw Materials,343100.52999999997
2025-03-26,DIESEL,800.0,EXPENSE DAILY,2025,3,March,1,13,3,WED,DIESEL,Other Expenses,60404.03
2025-03-27,DIESEL/OIL,850.0,EXPENSE DAILY,2025,3,March,1,13,4,THU,DIESEL/OIL,Other Expenses,1740.0
2025-03-27,EASY SPICE AND PACK,7157.54,EXPENSE DAILY,2025,3,March,1,13,4,THU,EASY SPICE AND PACK,Other Expenses,14315.08
2025-03-27,SHOPRITE,404.91,EXPENSE DAILY,2025,3,March,1,13,4,THU,SHOPRITE,Supplies,14484.75
2025-03-27,WASI,7935.61,EXPENSE DAILY,2025,3,March,1,13,4,THU,WASI,Raw Materials,351036.14
2025-03-28,CHIPKINS,4358.5,EXPENSE DAILY,2025,3,March,1,13,5,FRI,CHIPKINS,Raw Materials,210585.27
2025-03-28,DIESEL,800.0,EXPENSE DAILY,2025,3,March,1,13,5,FRI,DIESEL,Other Expenses,61204.03
2025-03-28,OBARO,360.0,EXPENSE DAILY,2025,3,March,1,13,5,FRI,OBARO,Other Expenses,3998.2
2025-03-29,ELECTRICITY,1500.0,EXPENSE DAILY,2025,3,March,1,13,6,SAT,ELECTRICITY,Utilities,13500.0
2025-03-29,SHOPRITE,449.9,EXPENSE DAILY,2025,3,March,1,13,6,SAT,SHOPRITE,Supplies,14934.65
2025-03-29,WAGES,16235.0,EXPENSE DAILY,2025,3,March,1,13,6,SAT,WAGES,Labor,156775.0
2025-03-29,WASI,10379.52,EXPENSE DAILY,2025,3,March,1,13,6,SAT,WASI,Raw Materials,361415.66
2025-03-30,WASI,184.98,EXPENSE DAILY,2025,3,March,1,13,7,SUN,WASI,Raw Materials,361600.64
2025-03-31,CHIPKINS,3708.75,EXPENSE DAILY,2025,3,March,1,14,1,MON,CHIPKINS,Raw Materials,214294.02
2025-03-31,DIESEL,697.58,EXPENSE DAILY,2025,3,March,1,14,1,MON,DIESEL,Other Expenses,61901.61
2025-03-31,FUNCHAL CAFÉ & SUPERMARKET,50.0,EXPENSE DAILY,2025,3,March,1,14,1,MON,FUNCHAL CAFÉ & SUPERMARKET,Other Expenses,50.0
2025-03-31,HOME & PARTY STORE,85.0,EXPENSE DAILY,2025,3,March,1,14,1,MON,HOME & PARTY STORE,Other Expenses,895.0
2025-03-31,SHOPRITE,413.91,EXPENSE DAILY,2025,3,March,1,14,1,MON,SHOPRITE,Supplies,15348.56
2025-03-31,SOAP CENTRE,870.0,EXPENSE DAILY,2025,3,March,1,14,1,MON,SOAP CENTRE,Other Expenses,7609.0
2025-03-31,WASI,9033.42,EXPENSE DAILY,2025,3,March,1,14,1,MON,WASI,Raw Materials,370634.06
2025-04-01,CHIPKINS,1713.5,EXPENSE DAILY,2025,4,April,2,14,2,TUE,CHIPKINS,Raw Materials,216007.52
2025-04-01,DIESEL,468.46,EXPENSE DAILY,2025,4,April,2,14,2,TUE,DIESEL,Other Expenses,62370.07
2025-04-01,PNP,32.99,EXPENSE DAILY,2025,4,April,2,14,2,TUE,PNP,Other Expenses,7906.97
2025-04-01,SHOPRITE,49.99,EXPENSE DAILY,2025,4,April,2,14,2,TUE,SHOPRITE,Supplies,15398.55
2025-04-01,SHOPRITE,335.92,EXPENSE DAILY,2025,4,April,2,14,2,TUE,SHOPRITE,Supplies,15734.47
2025-04-01,TBANTU,16.9,EXPENSE DAILY,2025,4,April,2,14,2,TUE,TBANTU,Other Expenses,1522.8
2025-04-01,TOLL GATE,81.0,EXPENSE DAILY,2025,4,April,2,14,2,TUE,TOLL GATE,Transportation,2255.0
2025-04-01,TOLL GATE,81.0,EXPENSE DAILY,2025,4,April,2,14,2,TUE,TOLL GATE,Transportation,2336.0
2025-04-01,WASI,7268.62,EXPENSE DAILY,2025,4,April,2,14,2,TUE,WASI,Raw Materials,377902.68
2025-04-02,DIESEL,800.0,EXPENSE DAILY,2025,4,April,2,14,3,WED,DIESEL,Other Expenses,63170.07
2025-04-03,CHIPKINS,16537.0,EXPENSE DAILY,2025,4,April,2,14,4,THU,CHIPKINS,Raw Materials,232544.52
2025-04-03,DIESEL,800.0,EXPENSE DAILY,2025,4,April,2,14,4,THU,DIESEL,Other Expenses,63970.07
2025-04-03,ELECTRICITY,800.0,EXPENSE DAILY,2025,4,April,2,14,4,THU,ELECTRICITY,Utilities,14300.0
2025-04-03,PNP,91.98,EXPENSE DAILY,2025,4,April,2,14,4,THU,PNP,Other Expenses,7998.95
2025-04-03,PNP,82.27,EXPENSE DAILY,2025,4,April,2,14,4,THU,PNP,Other Expenses,8081.22
2025-04-03,SHOPRITE,449.91,EXPENSE DAILY,2025,4,April,2,14,4,THU,SHOPRITE,Supplies,16184.380000000001
2025-04-03,SPICE AND PACK,7157.54,EXPENSE DAILY,2025,4,April,2,14,4,THU,SPICE AND PACK,Other Expenses,50299.06
2025-04-04,AE BARB,406.32,EXPENSE DAILY,2025,4,April,2,14,5,FRI,AE BARB,Other Expenses,504.32
2025-04-04,AFROLO,305.0,EXPENSE DAILY,2025,4,April,2,14,5,FRI,AFROLO,Other Expenses,442.0
2025-04-04,BOSBOK GAS,588.0,EXPENSE DAILY,2025,4,April,2,14,5,FRI,BOSBOK GAS,Other Expenses,588.0
2025-04-04,DIESEL,800.0,EXPENSE DAILY,2025,4,April,2,14,5,FRI,DIESEL,Other Expenses,64770.07
2025-04-04,OBARO,2154.0,EXPENSE DAILY,2025,4,April,2,14,5,FRI,OBARO,Other Expenses,6152.2
2025-04-04,PNP,407.24,EXPENSE DAILY,2025,4,April,2,14,5,FRI,PNP,Other Expenses,8488.46
2025-04-05,AE BARB,192.98,EXPENSE DAILY,2025,4,April,2,14,6,SAT,AE BARB,Other Expenses,697.3
2025-04-05,ELECTRICITY,800.0,EXPENSE DAILY,2025,4,April,2,14,6,SAT,ELECTRICITY,Utilities,15100.0
2025-04-06,DIESEL,850.0,EXPENSE DAILY,2025,4,April,2,14,7,SUN,DIESEL,Other Expenses,65620.06999999999
2025-04-06,DIESEL,800.0,EXPENSE DAILY,2025,4,April,2,14,7,SUN,DIESEL,Other Expenses,66420.06999999999
2025-04-06,MISS SUPERMARKET,220.0,EXPENSE DAILY,2025,4,April,2,14,7,SUN,MISS SUPERMARKET,Other Expenses,2101.0
2025-04-06,SHOPRITE,349.93,EXPENSE DAILY,2025,4,April,2,14,7,SUN,SHOPRITE,Supplies,16534.31
2025-04-06,WASI,3881.84,EXPENSE DAILY,2025,4,April,2,14,7,SUN,WASI,Raw Materials,381784.52
2025-04-07,BACK 2 BASICS,60.0,EXPENSE DAILY,2025,4,April,2,15,1,MON,BACK 2 BASICS,Other Expenses,688.0
2025-04-07,DIESEL,800.0,EXPENSE DAILY,2025,4,April,2,15,1,MON,DIESEL,Other Expenses,67220.06999999999
2025-04-07,SHOPRITE,449.91,EXPENSE DAILY,2025,4,April,2,15,1,MON,SHOPRITE,Supplies,16984.22
2025-04-07,SOAP CENTRE,480.0,EXPENSE DAILY,2025,4,April,2,15,1,MON,SOAP CENTRE,Other Expenses,8089.0
2025-04-07,WASI,7033.48,EXPENSE DAILY,2025,4,April,2,15,1,MON,WASI,Raw Materials,388818.0
2025-04-08,AE BARB CS,264.17,EXPENSE DAILY,2025,4,April,2,15,2,TUE,AE BARB CS,Other Expenses,4056.7400000000002
2025-04-08,CAVALIERI CHEESE,548.32,EXPENSE DAILY,2025,4,April,2,15,2,TUE,CAVALIERI CHEESE,Other Expenses,1698.3200000000002
2025-04-08,CHIPKINS,16547.13,EXPENSE DAILY,2025,4,April,2,15,2,TUE,CHIPKINS,Raw Materials,249091.65
2025-04-08,DIESEL,495.89,EXPENSE DAILY,2025,4,April,2,15,2,TUE,DIESEL,Other Expenses,67715.96
2025-04-08,FAMILY STORE,77.0,EXPENSE DAILY,2025,4,April,2,15,2,TUE,FAMILY STORE,Other Expenses,1908.94
2025-04-08,PNP,242.48,EXPENSE DAILY,2025,4,April,2,15,2,TUE,PNP,Other Expenses,8730.94
2025-04-08,PRO MATTRON,30.0,EXPENSE DAILY,2025,4,April,2,15,2,TUE,PRO MATTRON,Other Expenses,30.0
2025-04-08,TBANTU,75.0,EXPENSE DAILY,2025,4,April,2,15,2,TUE,TBANTU,Other Expenses,1597.8
2025-04-08,TOLL GATE,81.0,EXPENSE DAILY,2025,4,April,2,15,2,TUE,TOLL GATE,Transportation,2417.0
2025-04-08,TOLL GATE,81.0,EXPENSE DAILY,2025,4,April,2,15,2,TUE,TOLL GATE,Transportation,2498.0
2025-04-08,WASI,7963.4,EXPENSE DAILY,2025,4,April,2,15,2,TUE,WASI,Raw Materials,396781.4
2025-04-09,DIESEL,800.0,EXPENSE DAILY,2025,4,April,2,15,3,WED,DIESEL,Other Expenses,68515.96
2025-04-10,CCS COMPUTERS,520.0,EXPENSE DAILY,2025,4,April,2,15,4,THU,CCS COMPUTERS,Other Expenses,970.0
2025-04-10,CHIPKINS,3312.0,EXPENSE DAILY,2025,4,April,2,15,4,THU,CHIPKINS,Raw Materials,252403.65
2025-04-10,DIESEL,800.0,EXPENSE DAILY,2025,4,April,2,15,4,THU,DIESEL,Other Expenses,69315.96
2025-04-10,EASY SPICE AND PACK,7157.54,EXPENSE DAILY,2025,4,April,2,15,4,THU,EASY SPICE AND PACK,Other Expenses,21472.62
2025-04-10,ELECTRICITY/AE BARB CS,1549.0,EXPENSE DAILY,2025,4,April,2,15,4,THU,ELECTRICITY/AE BARB CS,Utilities,4658.0
2025-04-10,PNP,451.12,EXPENSE DAILY,2025,4,April,2,15,4,THU,PNP,Other Expenses,9182.06
2025-04-10,SHOPRITE,349.93,EXPENSE DAILY,2025,4,April,2,15,4,THU,SHOPRITE,Supplies,17334.15
2025-04-10,WASI,6497.56,EXPENSE DAILY,2025,4,April,2,15,4,THU,WASI,Raw Materials,403278.96
2025-04-11,DIESEL,800.0,EXPENSE DAILY,2025,4,April,2,15,5,FRI,DIESEL,Other Expenses,70115.96
2025-04-11,WAGES,14820.0,EXPENSE DAILY,2025,4,April,2,15,5,FRI,WAGES,Labor,171595.0
2025-04-12,PNP,194.97,EXPENSE DAILY,2025,4,April,2,15,6,SAT,PNP,Other Expenses,9377.03
2025-04-12,WASI,6747.53,EXPENSE DAILY,2025,4,April,2,15,6,SAT,WASI,Raw Materials,410026.49
2025-04-13,BACK 2 BASICS,79.5,EXPENSE DAILY,2025,4,April,2,15,7,SUN,BACK 2 BASICS,Other Expenses,767.5
2025-04-13,TBANTU,181.0,EXPENSE DAILY,2025,4,April,2,15,7,SUN,TBANTU,Other Expenses,1778.8
2025-04-14,ACE,528.49,EXPENSE DAILY,2025,4,April,2,16,1,MON,ACE,Other Expenses,12162.27
2025-04-14,CAVALIERI,548.32,EXPENSE DAILY,2025,4,April,2,16,1,MON,CAVALIERI,Other Expenses,1698.3200000000002
2025-04-14,CHIPKINS,33752.5,EXPENSE DAILY,2025,4,April,2,16,1,MON,CHIPKINS,Raw Materials,286156.15
2025-04-14,DIESEL,752.42,EXPENSE DAILY,2025,4,April,2,16,1,MON,DIESEL,Other Expenses,70868.38
2025-04-14,MAKRO,1005.0,EXPENSE DAILY,2025,4,April,2,16,1,MON,MAKRO,Supplies,13584.2
2025-04-14,PETROL,561.43,EXPENSE DAILY,2025,4,April,2,16,1,MON,PETROL,Other Expenses,1812.06
2025-04-14,PLAASKOMBUIS,130.0,EXPENSE DAILY,2025,4,April,2,16,1,MON,PLAASKOMBUIS,Other Expenses,130.0
2025-04-14,SHOPRITE,479.85,EXPENSE DAILY,2025,4,April,2,16,1,MON,SHOPRITE,Supplies,17814.0
2025-04-14,SOAP CENTRE,666.0,EXPENSE DAILY,2025,4,April,2,16,1,MON,SOAP CENTRE,Other Expenses,8755.0
2025-04-14,SOAP CENTRE,418.5,EXPENSE DAILY,2025,4,April,2,16,1,MON,SOAP CENTRE,Other Expenses,9173.5
2025-04-14,TBANTU,90.0,EXPENSE DAILY,2025,4,April,2,16,1,MON,TBANTU,Other Expenses,1868.8
2025-04-14,WASI,7867.38,EXPENSE DAILY,2025,4,April,2,16,1,MON,WASI,Raw Materials,417893.87
2025-04-15,CRAZY STORE,119.98,EXPENSE DAILY,2025,4,April,2,16,2,TUE,CRAZY STORE,Other Expenses,200.92000000000002
2025-04-15,DIESEL,800.0,EXPENSE DAILY,2025,4,April,2,16,2,TUE,DIESEL,Other Expenses,71668.38
2025-04-15,SHOPRITE,449.91,EXPENSE DAILY,2025,4,April,2,16,2,TUE,SHOPRITE,Supplies,18263.91
2025-04-15,TBANTU,16.9,EXPENSE DAILY,2025,4,April,2,16,2,TUE,TBANTU,Other Expenses,1885.7
2025-04-15,TOLL GATE,81.0,EXPENSE DAILY,2025,4,April,2,16,2,TUE,TOLL GATE,Transportation,2579.0
2025-04-15,TOLL GATE,81.0,EXPENSE DAILY,2025,4,April,2,16,2,TUE,TOLL GATE,Transportation,2660.0
2025-04-15,WASI,9543.25,EXPENSE DAILY,2025,4,April,2,16,2,TUE,WASI,Raw Materials,427437.12
2025-04-16,AUTOZONE,2640.0,EXPENSE DAILY,2025,4,April,2,16,3,WED,AUTOZONE,Other Expenses,2640.0
2025-04-16,DIESEL,800.0,EXPENSE DAILY,2025,4,April,2,16,3,WED,DIESEL,Other Expenses,72468.38
2025-04-16,ELECTRICITY,1500.0,EXPENSE DAILY,2025,4,April,2,16,3,WED,ELECTRICITY,Utilities,16600.0
2025-04-16,SHOPRITE,299.94,EXPENSE DAILY,2025,4,April,2,16,3,WED,SHOPRITE,Supplies,18563.85
2025-04-16,SHOPRITE,299.94,EXPENSE DAILY,2025,4,April,2,16,3,WED,SHOPRITE,Supplies,18863.79
2025-04-16,SHOPRITE,149.97,EXPENSE DAILY,2025,4,April,2,16,3,WED,SHOPRITE,Supplies,19013.760000000002
2025-04-16,TBANTU,180.0,EXPENSE DAILY,2025,4,April,2,16,3,WED,TBANTU,Other Expenses,2065.7
2025-04-16,WASI,13966.23,EXPENSE DAILY,2025,4,April,2,16,3,WED,WASI,Raw Materials,441403.35
2025-04-17,DIESEL/PETROL,2119.19,EXPENSE DAILY,2025,4,April,2,16,4,THU,DIESEL/PETROL,Other Expenses,2119.19
2025-04-17,EASY SPICE AND PACK,7157.54,EXPENSE DAILY,2025,4,April,2,16,4,THU,EASY SPICE AND PACK,Other Expenses,28630.16
2025-04-17,PETROL,600.0,EXPENSE DAILY,2025,4,April,2,16,4,THU,PETROL,Other Expenses,2412.06
2025-04-17,SHOPRITE,371.93,EXPENSE DAILY,2025,4,April,2,16,4,THU,SHOPRITE,Supplies,19385.69
2025-04-17,TOLL GATE,81.0,EXPENSE DAILY,2025,4,April,2,16,4,THU,TOLL GATE,Transportation,2741.0
2025-04-17,TOLL GATE,81.0,EXPENSE DAILY,2025,4,April,2,16,4,THU,TOLL GATE,Transportation,2822.0
2025-04-17,WASI,44.99,EXPENSE DAILY,2025,4,April,2,16,4,THU,WASI,Raw Materials,441448.33999999997
2025-04-17,WASI,6748.66,EXPENSE DAILY,2025,4,April,2,16,4,THU,WASI,Raw Materials,448197.0
2025-04-18,BACK 2 BASICS,90.0,EXPENSE DAILY,2025,4,April,2,16,5,FRI,BACK 2 BASICS,Other Expenses,857.5
2025-04-18,DIESEL,800.0,EXPENSE DAILY,2025,4,April,2,16,5,FRI,DIESEL,Other Expenses,73268.38
2025-04-18,SHOPRITE,349.93,EXPENSE DAILY,2025,4,April,2,16,5,FRI,SHOPRITE,Supplies,19735.62
2025-04-18,WASI,7423.58,EXPENSE DAILY,2025,4,April,2,16,5,FRI,WASI,Raw Materials,455620.58
2025-04-21,DIESEL,850.0,EXPENSE DAILY,2025,4,April,2,17,1,MON,DIESEL,Other Expenses,74118.38
2025-04-21,SHOPRITE,119.94,EXPENSE DAILY,2025,4,April,2,17,1,MON,SHOPRITE,Supplies,19855.56
2025-04-21,WASI,6414.68,EXPENSE DAILY,2025,4,April,2,17,1,MON,WASI,Raw Materials,462035.26
2025-04-22,AE BARB,128.0,EXPENSE DAILY,2025,4,April,2,17,2,TUE,AE BARB,Other Expenses,825.3
2025-04-22,DIESEL,910.0,EXPENSE DAILY,2025,4,April,2,17,2,TUE,DIESEL,Other Expenses,75028.38
2025-04-22,DIESEL,1000.0,EXPENSE DAILY,2025,4,April,2,17,2,TUE,DIESEL,Other Expenses,76028.38
2025-04-22,FAMILY STORE,164.99,EXPENSE DAILY,2025,4,April,2,17,2,TUE,FAMILY STORE,Other Expenses,2073.9300000000003
2025-04-22,MAKRO,5733.9,EXPENSE DAILY,2025,4,April,2,17,2,TUE,MAKRO,Supplies,19318.1
2025-04-22,SHOPRITE,599.9,EXPENSE DAILY,2025,4,April,2,17,2,TUE,SHOPRITE,Supplies,20455.46
2025-04-22,TOLL GATE,81.0,EXPENSE DAILY,2025,4,April,2,17,2,TUE,TOLL GATE,Transportation,2903.0
2025-04-22,TOLL GATE,81.0,EXPENSE DAILY,2025,4,April,2,17,2,TUE,TOLL GATE,Transportation,2984.0
2025-04-22,WAGES,21565.0,EXPENSE DAILY,2025,4,April,2,17,2,TUE,WAGES,Labor,193160.0
2025-04-22,WASI,7924.45,EXPENSE DAILY,2025,4,April,2,17,2,TUE,WASI,Raw Materials,469959.71
2025-04-23,DIESEL,800.0,EXPENSE DAILY,2025,4,April,2,17,3,WED,DIESEL,Other Expenses,76828.38
2025-04-24,DIESEL,800.0,EXPENSE DAILY,2025,4,April,2,17,4,THU,DIESEL,Other Expenses,77628.38
2025-04-24,SHOPRITE,479.92,EXPENSE DAILY,2025,4,April,2,17,4,THU,SHOPRITE,Supplies,20935.38
2025-04-24,SHOPRITE,129.25,EXPENSE DAILY,2025,4,April,2,17,4,THU,SHOPRITE,Supplies,21064.63
2025-04-24,SOAP CENTRE,370.0,EXPENSE DAILY,2025,4,April,2,17,4,THU,SOAP CENTRE,Other Expenses,9543.5
2025-04-24,SPICE AND PACK,7157.54,EXPENSE DAILY,2025,4,April,2,17,4,THU,SPICE AND PACK,Other Expenses,57456.6
2025-04-24,WASI,7601.61,EXPENSE DAILY,2025,4,April,2,17,4,THU,WASI,Raw Materials,477561.32
2025-04-25,DIESEL,806.95,EXPENSE DAILY,2025,4,April,2,17,5,FRI,DIESEL,Other Expenses,78435.33
2025-04-26,ELECTRICITY,1500.0,EXPENSE DAILY,2025,4,April,2,17,6,SAT,ELECTRICITY,Utilities,18100.0
2025-04-26,FAMILY STORE,145.0,EXPENSE DAILY,2025,4,April,2,17,6,SAT,FAMILY STORE,Other Expenses,2218.9300000000003
2025-04-26,SHOPRITE,461.19,EXPENSE DAILY,2025,4,April,2,17,6,SAT,SHOPRITE,Supplies,21525.82
2025-04-26,WAGES,21670.0,EXPENSE DAILY,2025,4,April,2,17,6,SAT,WAGES,Labor,214830.0
2025-04-26,WASI,7333.42,EXPENSE DAILY,2025,4,April,2,17,6,SAT,WASI,Raw Materials,484894.74
2025-04-28,DIESEL,673.0,EXPENSE DAILY,2025,4,April,2,18,1,MON,DIESEL,Other Expenses,79108.33
2025-04-28,FAMILY STORE,106.99,EXPENSE DAILY,2025,4,April,2,18,1,MON,FAMILY STORE,Other Expenses,2325.92
2025-04-28,SHOPRITE,1488.55,EXPENSE DAILY,2025,4,April,2,18,1,MON,SHOPRITE,Supplies,23014.37
2025-04-28,SOAP CENTRE,480.0,EXPENSE DAILY,2025,4,April,2,18,1,MON,SOAP CENTRE,Other Expenses,10023.5
2025-04-28,WASI,7530.6,EXPENSE DAILY,2025,4,April,2,18,1,MON,WASI,Raw Materials,492425.33999999997
2025-04-29,AE BARB CS,190.98,EXPENSE DAILY,2025,4,April,2,18,2,TUE,AE BARB CS,Other Expenses,4247.72
2025-04-29,CHIPKINS,20531.88,EXPENSE DAILY,2025,4,April,2,18,2,TUE,CHIPKINS,Raw Materials,306688.03
2025-04-29,DIESEL,592.8,EXPENSE DAILY,2025,4,April,2,18,2,TUE,DIESEL,Other Expenses,79701.13
2025-04-29,RIVERSIDE SPICE EMPORIUM,552.0,EXPENSE DAILY,2025,4,April,2,18,2,TUE,RIVERSIDE SPICE EMPORIUM,Other Expenses,552.0
2025-04-29,TOLL GATE,81.0,EXPENSE DAILY,2025,4,April,2,18,2,TUE,TOLL GATE,Transportation,3065.0
2025-04-29,TOLL GATE,81.0,EXPENSE DAILY,2025,4,April,2,18,2,TUE,TOLL GATE,Transportation,3146.0
2025-04-29,WASI,7367.59,EXPENSE DAILY,2025,4,April,2,18,2,TUE,WASI,Raw Materials,499792.93
2025-04-30,DIESEL,800.0,EXPENSE DAILY,2025,4,April,2,18,3,WED,DIESEL,Other Expenses,80501.13
2025-05-01,DIESEL,800.0,EXPENSE DAILY,2025,5,May,2,18,4,THU,DIESEL,Other Expenses,81301.13
2025-05-01,DIESEL,1353.35,EXPENSE DAILY,2025,5,May,2,18,4,THU,DIESEL,Other Expenses,82654.48
2025-05-01,SHOPRITE,43.98,EXPENSE DAILY,2025,5,May,2,18,4,THU,SHOPRITE,Supplies,23058.35
2025-05-01,SHOPRITE,494.91,EXPENSE DAILY,2025,5,May,2,18,4,THU,SHOPRITE,Supplies,23553.260000000002
2025-05-01,SPICE AND PACK,7157.54,EXPENSE DAILY,2025,5,May,2,18,4,THU,SPICE AND PACK,Other Expenses,64614.14
2025-05-01,WASI,9784.45,EXPENSE DAILY,2025,5,May,2,18,4,THU,WASI,Raw Materials,509577.38
2025-05-02,DIESEL,800.0,EXPENSE DAILY,2025,5,May,2,18,5,FRI,DIESEL,Other Expenses,83454.48
2025-05-02,ELECTRICITY,1500.0,EXPENSE DAILY,2025,5,May,2,18,5,FRI,ELECTRICITY,Utilities,19600.0
2025-05-02,SHOPRITE,274.95,EXPENSE DAILY,2025,5,May,2,18,5,FRI,SHOPRITE,Supplies,23828.21
2025-05-02,TBANTU,180.0,EXPENSE DAILY,2025,5,May,2,18,5,FRI,TBANTU,Other Expenses,2245.7
2025-05-02,WASI,6539.52,EXPENSE DAILY,2025,5,May,2,18,5,FRI,WASI,Raw Materials,516116.9
2025-05-03,WAGES,19450.0,EXPENSE DAILY,2025,5,May,2,18,6,SAT,WAGES,Labor,234280.0
2025-05-03,WASI,7129.44,EXPENSE DAILY,2025,5,May,2,18,6,SAT,WASI,Raw Materials,523246.33999999997
2025-05-04,CRAZY STORE,54.99,EXPENSE DAILY,2025,5,May,2,18,7,SUN,CRAZY STORE,Other Expenses,255.91
2025-05-05,BACK 2 BASICS,357.0,EXPENSE DAILY,2025,5,May,2,19,1,MON,BACK 2 BASICS,Other Expenses,1214.5
2025-05-05,DIESEL,1431.25,EXPENSE DAILY,2025,5,May,2,19,1,MON,DIESEL,Other Expenses,84885.73
2025-05-05,SHOPRITE,599.9,EXPENSE DAILY,2025,5,May,2,19,1,MON,SHOPRITE,Supplies,24428.11
2025-05-05,SOAP CENTRE,500.0,EXPENSE DAILY,2025,5,May,2,19,1,MON,SOAP CENTRE,Other Expenses,10523.5
2025-05-05,WASI,5255.72,EXPENSE DAILY,2025,5,May,2,19,1,MON,WASI,Raw Materials,528502.0599999999
2025-05-05,WASI,5236.61,EXPENSE DAILY,2025,5,May,2,19,1,MON,WASI,Raw Materials,533738.67
2025-05-06,DIESEL,800.0,EXPENSE DAILY,2025,5,May,2,19,2,TUE,DIESEL,Other Expenses,85685.73
2025-05-06,DIESEL,561.2,EXPENSE DAILY,2025,5,May,2,19,2,TUE,DIESEL,Other Expenses,86246.93
2025-05-06,TOLL GATE,81.0,EXPENSE DAILY,2025,5,May,2,19,2,TUE,TOLL GATE,Transportation,3227.0
2025-05-06,TOLL GATE,81.0,EXPENSE DAILY,2025,5,May,2,19,2,TUE,TOLL GATE,Transportation,3308.0
2025-05-06,WASI,3947.77,EXPENSE DAILY,2025,5,May,2,19,2,TUE,WASI,Raw Materials,537686.44
2025-05-07,DIESEL,800.08,EXPENSE DAILY,2025,5,May,2,19,3,WED,DIESEL,Other Expenses,87047.01
2025-05-08,DIESEL,500.0,EXPENSE DAILY,2025,5,May,2,19,4,THU,DIESEL,Other Expenses,87547.01
2025-05-08,ELECTRICITY,700.0,EXPENSE DAILY,2025,5,May,2,19,4,THU,ELECTRICITY,Utilities,20300.0
2025-05-08,SHOPRITE,667.86,EXPENSE DAILY,2025,5,May,2,19,4,THU,SHOPRITE,Supplies,25095.97
2025-05-08,WASI,6519.62,EXPENSE DAILY,2025,5,May,2,19,4,THU,WASI,Raw Materials,544206.0599999999
